[
  {
    "name": "Ghoul",
    "id": 289,
    "x": 3439,
    "y": 3466,
    "z": 0,
    "direction": "S",
    "walkRange": 3
  },
  {
    "name": "Ghoul",
    "id": 289,
    "x": 3441,
    "y": 3461,
    "z": 0,
    "direction": "S",
    "walkRange": 3
  },
  {
    "name": "Ghoul",
    "id": 289,
    "x": 3438,
    "y": 3459,
    "z": 0,
    "direction": "S",
    "walkRange": 3
  },
  {
    "name": "Ghoul",
    "id": 289,
    "x": 3433,
    "y": 3461,
    "z": 0,
    "direction": "S",
    "walkRange": 3
  },
  {
    "name": "Ghoul",
    "id": 289,
    "x": 3431,
    "y": 3467,
    "z": 0,
    "direction": "S",
    "walkRange": 3
  },
  {
    "name": "Ghoul",
    "id": 289,
    "x": 3426,
    "y": 3464,
    "z": 0,
    "direction": "S",
    "walkRange": 3
  },
  {
    "name": "Ghoul",
    "id": 289,
    "x": 3422,
    "y": 3460,
    "z": 0,
    "direction": "S",
    "walkRange": 3
  },
  {
    "name": "Ghoul",
    "id": 289,
    "x": 3427,
    "y": 3458,
    "z": 0,
    "direction": "S",
    "walkRange": 3
  },
  {
    "name": "Ghoul",
    "id": 289,
    "x": 3435,
    "y": 3468,
    "z": 0,
    "direction": "S",
    "walkRange": 3
  }
]