[
  {
    "name": "Scorpion",
    "id": 3024,
    "x": 3301,
    "y": 3274,
    "z": 0,
    "direction": "S",
    "walkRange": 3
  },
  {
    "name": "Scorpion",
    "id": 3024,
    "x": 3296,
    "y": 3274,
    "z": 0,
    "direction": "S",
    "walkRange": 3
  },
  {
    "name": "Scorpion",
    "id": 3024,
    "x": 3300,
    "y": 3307,
    "z": 0,
    "direction": "S",
    "walkRange": 3
  },
  {
    "name": "Scorpion",
    "id": 3024,
    "x": 3300,
    "y": 3282,
    "z": 0,
    "direction": "S",
    "walkRange": 3
  },
  {
    "name": "Scorpion",
    "id": 3024,
    "x": 3297,
    "y": 3286,
    "z": 0,
    "direction": "S",
    "walkRange": 3
  },
  {
    "name": "Scorpion",
    "id": 3024,
    "x": 3299,
    "y": 3290,
    "z": 0,
    "direction": "S",
    "walkRange": 3
  },
  {
    "name": "Scorpion",
    "id": 3024,
    "x": 3295,
    "y": 3297,
    "z": 0,
    "direction": "S",
    "walkRange": 3
  },
  {
    "name": "Scorpion",
    "id": 3024,
    "x": 3300,
    "y": 3302,
    "z": 0,
    "direction": "S",
    "walkRange": 3
  },
  {
    "name": "Scorpion",
    "id": 3024,
    "x": 3298,
    "y": 3309,
    "z": 0,
    "direction": "S",
    "walkRange": 3
  },
  {
    "name": "Captain Dalbur",
    "id": 6089,
    "x": 3284,
    "y": 3212,
    "z": 0,
    "direction": "S",
    "walkRange": 0
  },
  {
    "name": "Gem trader",
    "id": 2874,
    "x": 3288,
    "y": 3212,
    "z": 0,
    "direction": "S",
    "walkRange": 2
  },
  {
    "name": "Ollie the Camel",
    "id": 5951,
    "x": 3289,
    "y": 3209,
    "z": 0,
    "direction": "S",
    "walkRange": 4
  },
  {
    "name": "Elly the Camel",
    "id": 5950,
    "x": 3313,
    "y": 3209,
    "z": 0,
    "direction": "S",
    "walkRange": 4
  },
  {
    "name": "Man",
    "id": 3080,
    "x": 3298,
    "y": 3206,
    "z": 0,
    "direction": "S",
    "walkRange": 4
  },
  {
    "name": "Silk trader",
    "id": 2873,
    "x": 3299,
    "y": 3204,
    "z": 0,
    "direction": "S",
    "walkRange": 2
  },
  {
    "name": "Ayesha",
    "id": 310,
    "x": 3315,
    "y": 3205,
    "z": 0,
    "direction": "S",
    "walkRange": 2
  },
  {
    "name": "Dommik",
    "id": 2879,
    "x": 3321,
    "y": 3194,
    "z": 0,
    "direction": "S",
    "walkRange": 3
  },
  {
    "name": "Shop keeper",
    "id": 2817,
    "x": 3316,
    "y": 3181,
    "z": 0,
    "direction": "S",
    "walkRange": 4
  },
  {
    "name": "Shop assistant",
    "id": 2818,
    "x": 3316,
    "y": 3182,
    "z": 0,
    "direction": "S",
    "walkRange": 4
  },
  {
    "name": "Louie Legs",
    "id": 2876,
    "x": 3316,
    "y": 3175,
    "z": 0,
    "direction": "S",
    "walkRange": 2
  },
  {
    "name": "Ranael",
    "id": 2878,
    "x": 3315,
    "y": 3163,
    "z": 0,
    "direction": "S",
    "walkRange": 2
  },
  {
    "name": "Spider",
    "id": 3019,
    "x": 3324,
    "y": 3138,
    "z": 0,
    "direction": "S",
    "walkRange": 4
  },
  {
    "name": "Spider",
    "id": 3019,
    "x": 3322,
    "y": 3141,
    "z": 0,
    "direction": "S",
    "walkRange": 4
  },
  {
    "name": "Spider",
    "id": 3019,
    "x": 3319,
    "y": 3139,
    "z": 0,
    "direction": "S",
    "walkRange": 4
  },
  {
    "name": "Apprentice",
    "id": 1808,
    "x": 3321,
    "y": 3139,
    "z": 0,
    "direction": "S",
    "walkRange": 4
  },
  {
    "name": "Father Reen",
    "id": 893,
    "x": 3272,
    "y": 3160,
    "z": 0,
    "direction": "S",
    "walkRange": 4
  },
  {
    "name": "Ali Morrisane",
    "id": 3533,
    "x": 3304,
    "y": 3211,
    "z": 0,
    "direction": "E",
    "walkRange": 0
  },
  {
    "name": "Tool Leprechaun",
    "id": 0,
    "x": 3319,
    "y": 3204,
    "z": 0,
    "direction": "S",
    "walkRange": 0
  },
  {
    "name": "Al the Camel",
    "id": 5949,
    "x": 3277,
    "y": 3166,
    "z": 0,
    "direction": "S",
    "walkRange": 4
  },
  {
    "name": "Camel",
    "id": 2835,
    "x": 3285,
    "y": 3198,
    "z": 0,
    "direction": "S",
    "walkRange": 5
  },
  {
    "name": "Karim",
    "id": 2877,
    "x": 3273,
    "y": 3180,
    "z": 0,
    "direction": "S",
    "walkRange": 2
  },
  {
    "name": "Man",
    "id": 3101,
    "x": 3277,
    "y": 3187,
    "z": 0,
    "direction": "S",
    "walkRange": 5
  },
  {
    "name": "Man",
    "id": 3101,
    "x": 3293,
    "y": 3205,
    "z": 0,
    "direction": "S",
    "walkRange": 4
  },
  {
    "name": "Ellis",
    "id": 3231,
    "x": 3274,
    "y": 3191,
    "z": 0,
    "direction": "S",
    "walkRange": 3
  },
  {
    "name": "Zeke",
    "id": 2875,
    "x": 3288,
    "y": 3189,
    "z": 0,
    "direction": "S",
    "walkRange": 2
  },
  {
    "name": "Man",
    "id": 3079,
    "x": 3294,
    "y": 3196,
    "z": 0,
    "direction": "S",
    "walkRange": 4
  },
  {
    "name": "Man",
    "id": 3078,
    "x": 3284,
    "y": 3199,
    "z": 0,
    "direction": "S",
    "walkRange": 5
  },
  {
    "name": "Man",
    "id": 3080,
    "x": 3303,
    "y": 3199,
    "z": 0,
    "direction": "S",
    "walkRange": 5
  },
  {
    "name": "Banker",
    "id": 1032,
    "x": 3267,
    "y": 3164,
    "z": 0,
    "direction": "E",
    "walkRange": 0
  },
  {
    "name": "Banker",
    "id": 1032,
    "x": 3267,
    "y": 3166,
    "z": 0,
    "direction": "E",
    "walkRange": 0
  },
  {
    "name": "Banker",
    "id": 1032,
    "x": 3267,
    "y": 3167,
    "z": 0,
    "direction": "E",
    "walkRange": 0
  },
  {
    "name": "Banker",
    "id": 1033,
    "x": 3267,
    "y": 3168,
    "z": 0,
    "direction": "E",
    "walkRange": 0
  },
  {
    "name": "Banker",
    "id": 1032,
    "x": 3267,
    "y": 3169,
    "z": 0,
    "direction": "E",
    "walkRange": 0
  },
  {
    "name": "Golden warbler",
    "id": 5551,
    "x": 3397,
    "y": 3099,
    "z": 0,
    "direction": "S",
    "walkRange": 5
  },
  {
    "name": "Golden warbler",
    "id": 5551,
    "x": 3401,
    "y": 3106,
    "z": 0,
    "direction": "S",
    "walkRange": 5
  },
  {
    "name": "Golden warbler",
    "id": 5551,
    "x": 3405,
    "y": 3104,
    "z": 0,
    "direction": "S",
    "walkRange": 5
  },
  {
    "name": "Golden warbler",
    "id": 5551,
    "x": 3407,
    "y": 3099,
    "z": 0,
    "direction": "S",
    "walkRange": 5
  },
  {
    "name": "Golden warbler",
    "id": 5551,
    "x": 3409,
    "y": 3096,
    "z": 0,
    "direction": "S",
    "walkRange": 5
  },
  {
    "name": "Golden warbler",
    "id": 5551,
    "x": 3407,
    "y": 3091,
    "z": 0,
    "direction": "S",
    "walkRange": 5
  },
  {
    "name": "Golden warbler",
    "id": 5551,
    "x": 3411,
    "y": 3089,
    "z": 0,
    "direction": "S",
    "walkRange": 5
  },
  {
    "name": "Golden warbler",
    "id": 5551,
    "x": 3405,
    "y": 3086,
    "z": 0,
    "direction": "S",
    "walkRange": 5
  },
  {
    "name": "Golden warbler",
    "id": 5551,
    "x": 3401,
    "y": 3088,
    "z": 0,
    "direction": "S",
    "walkRange": 5
  },
  {
    "name": "Golden warbler",
    "id": 5551,
    "x": 3399,
    "y": 3091,
    "z": 0,
    "direction": "S",
    "walkRange": 5
  },
  {
    "name": "Golden warbler",
    "id": 5551,
    "x": 3400,
    "y": 3095,
    "z": 0,
    "direction": "S",
    "walkRange": 5
  },
  {
    "name": "Golden warbler",
    "id": 5551,
    "x": 3405,
    "y": 3080,
    "z": 0,
    "direction": "S",
    "walkRange": 5
  },
  {
    "name": "Golden warbler",
    "id": 5551,
    "x": 3409,
    "y": 3076,
    "z": 0,
    "direction": "S",
    "walkRange": 5
  },
  {
    "name": "Golden warbler",
    "id": 5551,
    "x": 3411,
    "y": 3071,
    "z": 0,
    "direction": "S",
    "walkRange": 5
  },
  {
    "name": "Golden warbler",
    "id": 5551,
    "x": 3417,
    "y": 3069,
    "z": 0,
    "direction": "S",
    "walkRange": 5
  },
  {
    "name": "Golden warbler",
    "id": 5551,
    "x": 3421,
    "y": 3073,
    "z": 0,
    "direction": "S",
    "walkRange": 5
  },
  {
    "name": "Golden warbler",
    "id": 5551,
    "x": 3418,
    "y": 3077,
    "z": 0,
    "direction": "S",
    "walkRange": 5
  },
  {
    "name": "Golden warbler",
    "id": 5551,
    "x": 3419,
    "y": 3082,
    "z": 0,
    "direction": "S",
    "walkRange": 5
  },
  {
    "name": "Golden warbler",
    "id": 5551,
    "x": 3413,
    "y": 3085,
    "z": 0,
    "direction": "S",
    "walkRange": 5
  },
  {
    "name": "Orange salamander",
    "id": 2903,
    "x": 3408,
    "y": 3080,
    "z": 0,
    "direction": "S",
    "walkRange": 3
  },
  {
    "name": "Orange salamander",
    "id": 2903,
    "x": 3410,
    "y": 3078,
    "z": 0,
    "direction": "S",
    "walkRange": 3
  },
  {
    "name": "Orange salamander",
    "id": 2903,
    "x": 3412,
    "y": 3073,
    "z": 0,
    "direction": "S",
    "walkRange": 3
  },
  {
    "name": "Orange salamander",
    "id": 2903,
    "x": 3415,
    "y": 3076,
    "z": 0,
    "direction": "S",
    "walkRange": 3
  },
  {
    "name": "Orange salamander",
    "id": 2903,
    "x": 3413,
    "y": 3077,
    "z": 0,
    "direction": "S",
    "walkRange": 3
  },
  {
    "name": "Orange salamander",
    "id": 2903,
    "x": 3410,
    "y": 3089,
    "z": 0,
    "direction": "S",
    "walkRange": 3
  },
  {
    "name": "Orange salamander",
    "id": 2903,
    "x": 3402,
    "y": 3088,
    "z": 0,
    "direction": "S",
    "walkRange": 3
  },
  {
    "name": "Orange salamander",
    "id": 2903,
    "x": 3406,
    "y": 3093,
    "z": 0,
    "direction": "S",
    "walkRange": 3
  },
  {
    "name": "Orange salamander",
    "id": 2903,
    "x": 3405,
    "y": 3101,
    "z": 0,
    "direction": "S",
    "walkRange": 3
  },
  {
    "name": "Orange salamander",
    "id": 2903,
    "x": 3400,
    "y": 3099,
    "z": 0,
    "direction": "S",
    "walkRange": 3
  },
  {
    "name": "Orange salamander",
    "id": 2903,
    "x": 3401,
    "y": 3091,
    "z": 0,
    "direction": "S",
    "walkRange": 3
  },
  {
    "name": "Orange salamander",
    "id": 2903,
    "x": 3405,
    "y": 3084,
    "z": 0,
    "direction": "S",
    "walkRange": 3
  },
  {
    "name": "Rug Merchant",
    "id": 17,
    "x": 3310,
    "y": 3108,
    "z": 0,
    "direction": "S",
    "walkRange": 1
  },
  {
    "name": "Rug Merchant",
    "id": 20,
    "x": 3467,
    "y": 3110,
    "z": 0,
    "direction": "S",
    "walkRange": 0
  },
  {
    "name": "Rug Merchant",
    "id": 22,
    "x": 3182,
    "y": 3041,
    "z": 0,
    "direction": "S",
    "walkRange": 0
  },
  {
    "name": "Rug Merchant",
    "id": 22,
    "x": 3350,
    "y": 3000,
    "z": 0,
    "direction": "S",
    "walkRange": 0
  },
  {
    "name": "Rug Merchant",
    "id": 22,
    "x": 3348,
    "y": 2942,
    "z": 0,
    "direction": "S",
    "walkRange": 0
  }
]