[
  {
    "name": "Paladin",
    "id": 3104,
    "x": 2583,
    "y": 3292,
    "z": 0,
    "direction": "S",
    "walkRange": 2
  },
  {
    "name": "null",
    "id": 6245,
    "x": 2721,
    "y": 3293,
    "z": 0,
    "direction": "S",
    "walkRange": 4
  },
  {
    "name": "Warrior woman",
    "id": 3260,
    "x": 2584,
    "y": 3306,
    "z": 0,
    "direction": "S",
    "walkRange": 4
  },
  {
    "name": "null",
    "id": 6244,
    "x": 2721,
    "y": 3282,
    "z": 0,
    "direction": "S",
    "walkRange": 3
  },
  {
    "name": "Warrior woman",
    "id": 3260,
    "x": 2584,
    "y": 3289,
    "z": 0,
    "direction": "S",
    "walkRange": 4
  },
  {
    "name": "null",
    "id": 6248,
    "x": 2720,
    "y": 3291,
    "z": 0,
    "direction": "S",
    "walkRange": 3
  },
  {
    "name": "Warrior woman",
    "id": 3260,
    "x": 2586,
    "y": 3290,
    "z": 0,
    "direction": "S",
    "walkRange": 3
  },
  {
    "name": "null",
    "id": 6247,
    "x": 2729,
    "y": 3276,
    "z": 0,
    "direction": "S",
    "walkRange": 3
  },
  {
    "name": "Penguin",
    "id": 2063,
    "x": 2593,
    "y": 3267,
    "z": 0,
    "direction": "S",
    "walkRange": 1
  },
  {
    "name": "null",
    "id": 6250,
    "x": 2726,
    "y": 3277,
    "z": 0,
    "direction": "S",
    "walkRange": 2
  },
  {
    "name": "Penguin",
    "id": 2063,
    "x": 2594,
    "y": 3270,
    "z": 0,
    "direction": "S",
    "walkRange": 2
  },
  {
    "name": "Ezekial Lovecraft",
    "id": 4789,
    "x": 2732,
    "y": 3292,
    "z": 0,
    "direction": "S",
    "walkRange": 3
  },
  {
    "name": "Imp",
    "id": 5007,
    "x": 2607,
    "y": 3257,
    "z": 0,
    "direction": "S",
    "walkRange": 1
  },
  {
    "name": "Monkey minder",
    "id": 5235,
    "x": 2596,
    "y": 3277,
    "z": 0,
    "direction": "S",
    "walkRange": 5
  },
  {
    "name": "null",
    "id": 6246,
    "x": 2734,
    "y": 3282,
    "z": 0,
    "direction": "S",
    "walkRange": 3
  },
  {
    "name": "Penguin",
    "id": 2063,
    "x": 2595,
    "y": 3269,
    "z": 0,
    "direction": "S",
    "walkRange": 1
  },
  {
    "name": "null",
    "id": 6249,
    "x": 2733,
    "y": 3283,
    "z": 0,
    "direction": "S",
    "walkRange": 3
  },
  {
    "name": "Penguin",
    "id": 845,
    "x": 2596,
    "y": 3270,
    "z": 0,
    "direction": "S",
    "walkRange": 0
  },
  {
    "name": "null",
    "id": 6247,
    "x": 2736,
    "y": 3301,
    "z": 0,
    "direction": "S",
    "walkRange": 3
  },
  {
    "name": "Larry",
    "id": 827,
    "x": 2597,
    "y": 3266,
    "z": 0,
    "direction": "S",
    "walkRange": 0
  },
  {
    "name": "Monkey",
    "id": 2848,
    "x": 2598,
    "y": 3276,
    "z": 0,
    "direction": "S",
    "walkRange": 0
  },
  {
    "name": "Monkey",
    "id": 5279,
    "x": 2599,
    "y": 3274,
    "z": 0,
    "direction": "S",
    "walkRange": 0
  },
  {
    "name": "Monkey",
    "id": 5279,
    "x": 2599,
    "y": 3278,
    "z": 0,
    "direction": "S",
    "walkRange": 0
  },
  {
    "name": "Monkey",
    "id": 2848,
    "x": 2603,
    "y": 3278,
    "z": 0,
    "direction": "S",
    "walkRange": 3
  },
  {
    "name": "Monkey",
    "id": 2848,
    "x": 2603,
    "y": 3279,
    "z": 0,
    "direction": "S",
    "walkRange": 3
  },
  {
    "name": "Pit Scorpion",
    "id": 3026,
    "x": 2603,
    "y": 3268,
    "z": 0,
    "direction": "S",
    "walkRange": 2
  },
  {
    "name": "Monkey",
    "id": 5279,
    "x": 2602,
    "y": 3278,
    "z": 0,
    "direction": "S",
    "walkRange": 3
  },
  {
    "name": "Monkey",
    "id": 5279,
    "x": 2603,
    "y": 3280,
    "z": 0,
    "direction": "S",
    "walkRange": 3
  },
  {
    "name": "Scorpion",
    "id": 3024,
    "x": 2603,
    "y": 3268,
    "z": 0,
    "direction": "S",
    "walkRange": 2
  },
  {
    "name": "Monkey minder",
    "id": 5235,
    "x": 2602,
    "y": 3273,
    "z": 0,
    "direction": "S",
    "walkRange": 5
  },
  {
    "name": "Monkey",
    "id": 5279,
    "x": 2602,
    "y": 3279,
    "z": 0,
    "direction": "S",
    "walkRange": 3
  },
  {
    "name": "Scorpion",
    "id": 3024,
    "x": 2602,
    "y": 3269,
    "z": 0,
    "direction": "S",
    "walkRange": 2
  },
  {
    "name": "Monkey",
    "id": 2848,
    "x": 2603,
    "y": 3279,
    "z": 0,
    "direction": "S",
    "walkRange": 3
  },
  {
    "name": "Monkey",
    "id": 2848,
    "x": 2603,
    "y": 3278,
    "z": 0,
    "direction": "S",
    "walkRange": 3
  },
  {
    "name": "Zoo keeper",
    "id": 3113,
    "x": 2603,
    "y": 3285,
    "z": 0,
    "direction": "S",
    "walkRange": 4
  },
  {
    "name": "Pit Scorpion",
    "id": 3026,
    "x": 2603,
    "y": 3270,
    "z": 0,
    "direction": "S",
    "walkRange": 2
  },
  {
    "name": "Monkey",
    "id": 5279,
    "x": 2604,
    "y": 3276,
    "z": 0,
    "direction": "S",
    "walkRange": 0
  },
  {
    "name": "Monkey",
    "id": 2848,
    "x": 2604,
    "y": 3277,
    "z": 0,
    "direction": "S",
    "walkRange": 0
  },
  {
    "name": "Pit Scorpion",
    "id": 3026,
    "x": 2604,
    "y": 3268,
    "z": 0,
    "direction": "S",
    "walkRange": 3
  },
  {
    "name": "Monkey",
    "id": 5279,
    "x": 2604,
    "y": 3280,
    "z": 0,
    "direction": "S",
    "walkRange": 2
  },
  {
    "name": "Monkey",
    "id": 5279,
    "x": 2603,
    "y": 3280,
    "z": 0,
    "direction": "S",
    "walkRange": 3
  },
  {
    "name": "Pit Scorpion",
    "id": 3026,
    "x": 2604,
    "y": 3270,
    "z": 0,
    "direction": "S",
    "walkRange": 3
  },
  {
    "name": "Monkey",
    "id": 5279,
    "x": 2604,
    "y": 3280,
    "z": 0,
    "direction": "S",
    "walkRange": 2
  },
  {
    "name": "Charlie",
    "id": 1495,
    "x": 2607,
    "y": 3264,
    "z": 0,
    "direction": "S",
    "walkRange": 5
  },
  {
    "name": "Scorpion",
    "id": 3024,
    "x": 2605,
    "y": 3267,
    "z": 0,
    "direction": "S",
    "walkRange": 1
  },
  {
    "name": "Monkey minder",
    "id": 5235,
    "x": 2607,
    "y": 3279,
    "z": 0,
    "direction": "S",
    "walkRange": 5
  },
  {
    "name": "Snake",
    "id": 2845,
    "x": 2610,
    "y": 3276,
    "z": 0,
    "direction": "S",
    "walkRange": 1
  },
  {
    "name": "Zoo keeper",
    "id": 3113,
    "x": 2611,
    "y": 3269,
    "z": 0,
    "direction": "S",
    "walkRange": 5
  },
  {
    "name": "Snake",
    "id": 2845,
    "x": 2611,
    "y": 3276,
    "z": 0,
    "direction": "S",
    "walkRange": 1
  },
  {
    "name": "Snake",
    "id": 2845,
    "x": 2610,
    "y": 3275,
    "z": 0,
    "direction": "S",
    "walkRange": 1
  },
  {
    "name": "Parroty Pete",
    "id": 4769,
    "x": 2611,
    "y": 3285,
    "z": 0,
    "direction": "S",
    "walkRange": 2
  },
  {
    "name": "Parrots",
    "id": 4768,
    "x": 2612,
    "y": 3287,
    "z": 0,
    "direction": "S",
    "walkRange": 0
  },
  {
    "name": "Woman",
    "id": 3110,
    "x": 2612,
    "y": 3316,
    "z": 0,
    "direction": "S",
    "walkRange": 1
  },
  {
    "name": "Jerico",
    "id": 1145,
    "x": 2614,
    "y": 3324,
    "z": 0,
    "direction": "S",
    "walkRange": 3
  },
  {
    "name": "Parrots",
    "id": 4768,
    "x": 2613,
    "y": 3287,
    "z": 0,
    "direction": "S",
    "walkRange": 0
  },
  {
    "name": "Aemad",
    "id": 8682,
    "x": 2614,
    "y": 3294,
    "z": 0,
    "direction": "S",
    "walkRange": 3
  },
  {
    "name": "Doctor Orbon",
    "id": 3984,
    "x": 2615,
    "y": 3306,
    "z": 0,
    "direction": "S",
    "walkRange": 3
  },
  {
    "name": "Man",
    "id": 3109,
    "x": 2615,
    "y": 3316,
    "z": 0,
    "direction": "S",
    "walkRange": 2
  },
  {
    "name": "Camel",
    "id": 2835,
    "x": 2617,
    "y": 3265,
    "z": 0,
    "direction": "S",
    "walkRange": 2
  },
  {
    "name": "Kortan",
    "id": 8683,
    "x": 2614,
    "y": 3293,
    "z": 0,
    "direction": "S",
    "walkRange": 2
  },
  {
    "name": "Snake",
    "id": 2845,
    "x": 2616,
    "y": 3275,
    "z": 0,
    "direction": "S",
    "walkRange": 0
  },
  {
    "name": "Snake",
    "id": 2845,
    "x": 2616,
    "y": 3276,
    "z": 0,
    "direction": "S",
    "walkRange": 0
  },
  {
    "name": "Wolf",
    "id": 106,
    "x": 2617,
    "y": 3282,
    "z": 0,
    "direction": "S",
    "walkRange": 2
  },
  {
    "name": "null",
    "id": 3983,
    "x": 2617,
    "y": 3299,
    "z": 0,
    "direction": "S",
    "walkRange": 3
  },
  {
    "name": "Priest",
    "id": 3244,
    "x": 2617,
    "y": 3307,
    "z": 0,
    "direction": "S",
    "walkRange": 4
  },
  {
    "name": "Camel",
    "id": 2835,
    "x": 2618,
    "y": 3265,
    "z": 0,
    "direction": "S",
    "walkRange": 3
  },
  {
    "name": "Zoo keeper",
    "id": 3113,
    "x": 2619,
    "y": 3279,
    "z": 0,
    "direction": "S",
    "walkRange": 5
  },
  {
    "name": "Wolf",
    "id": 106,
    "x": 2619,
    "y": 3282,
    "z": 0,
    "direction": "S",
    "walkRange": 3
  },
  {
    "name": "Camel",
    "id": 2835,
    "x": 2619,
    "y": 3265,
    "z": 0,
    "direction": "S",
    "walkRange": 2
  },
  {
    "name": "Jogre",
    "id": 2094,
    "x": 2621,
    "y": 3271,
    "z": 0,
    "direction": "S",
    "walkRange": 1
  },
  {
    "name": "Cyclops",
    "id": 2097,
    "x": 2621,
    "y": 3277,
    "z": 0,
    "direction": "S",
    "walkRange": 1
  },
  {
    "name": "Probita",
    "id": 5906,
    "x": 2621,
    "y": 3293,
    "z": 0,
    "direction": "S",
    "walkRange": 1
  },
  {
    "name": "null",
    "id": 1151,
    "x": 2561,
    "y": 3303,
    "z": 0,
    "direction": "S",
    "walkRange": 0
  },
  {
    "name": "null",
    "id": 1151,
    "x": 2560,
    "y": 3305,
    "z": 0,
    "direction": "S",
    "walkRange": 0
  },
  {
    "name": "null",
    "id": 1151,
    "x": 2560,
    "y": 3304,
    "z": 0,
    "direction": "S",
    "walkRange": 0
  },
  {
    "name": "null",
    "id": 1151,
    "x": 2559,
    "y": 3305,
    "z": 0,
    "direction": "S",
    "walkRange": 0
  },
  {
    "name": "Guard",
    "id": 3269,
    "x": 2636,
    "y": 3339,
    "z": 0,
    "direction": "S",
    "walkRange": 5
  },
  {
    "name": "Guard",
    "id": 3269,
    "x": 2636,
    "y": 3339,
    "z": 0,
    "direction": "S",
    "walkRange": 5
  },
  {
    "name": "Master Farmer",
    "id": 3257,
    "x": 2637,
    "y": 3364,
    "z": 0,
    "direction": "S",
    "walkRange": 4
  },
  {
    "name": "Guard",
    "id": 3269,
    "x": 2637,
    "y": 3338,
    "z": 0,
    "direction": "S",
    "walkRange": 4
  },
  {
    "name": "Farmer",
    "id": 3086,
    "x": 2643,
    "y": 3362,
    "z": 0,
    "direction": "S",
    "walkRange": 2
  },
  {
    "name": "Richard",
    "id": 503,
    "x": 2646,
    "y": 3364,
    "z": 0,
    "direction": "S",
    "walkRange": 1
  },
  {
    "name": "null",
    "id": 6204,
    "x": 2568,
    "y": 3332,
    "z": 0,
    "direction": "S",
    "walkRange": 4
  },
  {
    "name": "Cow calf",
    "id": 2794,
    "x": 2650,
    "y": 3366,
    "z": 0,
    "direction": "S",
    "walkRange": 5
  },
  {
    "name": "Cow calf",
    "id": 2794,
    "x": 2651,
    "y": 3373,
    "z": 0,
    "direction": "S",
    "walkRange": 4
  },
  {
    "name": "Cow calf",
    "id": 2794,
    "x": 2653,
    "y": 3360,
    "z": 0,
    "direction": "S",
    "walkRange": 5
  },
  {
    "name": "Farmer",
    "id": 3086,
    "x": 2647,
    "y": 3347,
    "z": 0,
    "direction": "S",
    "walkRange": 8
  },
  {
    "name": "Alrena",
    "id": 4249,
    "x": 2575,
    "y": 3334,
    "z": 0,
    "direction": "S",
    "walkRange": 3
  },
  {
    "name": "Cow calf",
    "id": 2794,
    "x": 2652,
    "y": 3373,
    "z": 0,
    "direction": "S",
    "walkRange": 5
  },
  {
    "name": "Cow calf",
    "id": 2794,
    "x": 2653,
    "y": 3361,
    "z": 0,
    "direction": "S",
    "walkRange": 4
  },
  {
    "name": "null",
    "id": 4260,
    "x": 2582,
    "y": 3330,
    "z": 0,
    "direction": "S",
    "walkRange": 5
  },
  {
    "name": "Cow calf",
    "id": 2794,
    "x": 2654,
    "y": 3358,
    "z": 0,
    "direction": "S",
    "walkRange": 4
  },
  {
    "name": "Cow calf",
    "id": 2794,
    "x": 2654,
    "y": 3368,
    "z": 0,
    "direction": "S",
    "walkRange": 5
  },
  {
    "name": "Ram",
    "id": 1262,
    "x": 2655,
    "y": 3359,
    "z": 0,
    "direction": "S",
    "walkRange": 4
  },
  {
    "name": "null",
    "id": 2011,
    "x": 2591,
    "y": 3336,
    "z": 0,
    "direction": "S",
    "walkRange": 2
  },
  {
    "name": "Cow calf",
    "id": 2794,
    "x": 2655,
    "y": 3364,
    "z": 0,
    "direction": "S",
    "walkRange": 4
  },
  {
    "name": "Cow calf",
    "id": 2794,
    "x": 2656,
    "y": 3371,
    "z": 0,
    "direction": "S",
    "walkRange": 4
  },
  {
    "name": "Ram",
    "id": 1262,
    "x": 2655,
    "y": 3375,
    "z": 0,
    "direction": "S",
    "walkRange": 4
  },
  {
    "name": "Cow calf",
    "id": 2794,
    "x": 2655,
    "y": 3377,
    "z": 0,
    "direction": "S",
    "walkRange": 3
  },
  {
    "name": "Chicken",
    "id": 2805,
    "x": 2657,
    "y": 3342,
    "z": 0,
    "direction": "S",
    "walkRange": 1
  },
  {
    "name": "Chicken",
    "id": 2805,
    "x": 2660,
    "y": 3350,
    "z": 0,
    "direction": "S",
    "walkRange": 4
  },
  {
    "name": "null",
    "id": 6179,
    "x": 2609,
    "y": 3344,
    "z": 0,
    "direction": "S",
    "walkRange": 3
  },
  {
    "name": "null",
    "id": 6179,
    "x": 2610,
    "y": 3343,
    "z": 0,
    "direction": "S",
    "walkRange": 3
  },
  {
    "name": "Warrior woman",
    "id": 3260,
    "x": 2658,
    "y": 3332,
    "z": 0,
    "direction": "S",
    "walkRange": 4
  },
  {
    "name": "null",
    "id": 6179,
    "x": 2610,
    "y": 3344,
    "z": 0,
    "direction": "S",
    "walkRange": 3
  },
  {
    "name": "Chicken",
    "id": 2805,
    "x": 2660,
    "y": 3345,
    "z": 0,
    "direction": "S",
    "walkRange": 3
  },
  {
    "name": "null",
    "id": 222,
    "x": 2664,
    "y": 3331,
    "z": 0,
    "direction": "S",
    "walkRange": 1
  },
  {
    "name": "null",
    "id": 230,
    "x": 2664,
    "y": 3329,
    "z": 0,
    "direction": "S",
    "walkRange": 1
  },
  {
    "name": "Chief servant",
    "id": 5417,
    "x": 2664,
    "y": 3329,
    "z": 0,
    "direction": "S",
    "walkRange": 2
  },
  {
    "name": "Chicken",
    "id": 2805,
    "x": 2665,
    "y": 3343,
    "z": 0,
    "direction": "S",
    "walkRange": 4
  },
  {
    "name": "Chicken",
    "id": 2805,
    "x": 2664,
    "y": 3347,
    "z": 0,
    "direction": "S",
    "walkRange": 4
  },
  {
    "name": "null",
    "id": 6523,
    "x": 2615,
    "y": 3330,
    "z": 0,
    "direction": "N",
    "walkRange": 0
  },
  {
    "name": "Chicken",
    "id": 2805,
    "x": 2663,
    "y": 3352,
    "z": 0,
    "direction": "S",
    "walkRange": 4
  },
  {
    "name": "Banker",
    "id": 1028,
    "x": 2618,
    "y": 3330,
    "z": 0,
    "direction": "N",
    "walkRange": 0
  },
  {
    "name": "Banker",
    "id": 1028,
    "x": 2619,
    "y": 3330,
    "z": 0,
    "direction": "N",
    "walkRange": 0
  },
  {
    "name": "null",
    "id": 224,
    "x": 2667,
    "y": 3329,
    "z": 0,
    "direction": "S",
    "walkRange": 2
  },
  {
    "name": "null",
    "id": 6180,
    "x": 2622,
    "y": 3366,
    "z": 0,
    "direction": "S",
    "walkRange": 2
  },
  {
    "name": "Chicken",
    "id": 2805,
    "x": 2665,
    "y": 3343,
    "z": 0,
    "direction": "S",
    "walkRange": 4
  },
  {
    "name": "Kragen",
    "id": 2665,
    "x": 2667,
    "y": 3373,
    "z": 0,
    "direction": "S",
    "walkRange": 3
  },
  {
    "name": "null",
    "id": 6180,
    "x": 2621,
    "y": 3365,
    "z": 0,
    "direction": "S",
    "walkRange": 1
  },
  {
    "name": "null",
    "id": 6180,
    "x": 2621,
    "y": 3367,
    "z": 0,
    "direction": "S",
    "walkRange": 3
  },
  {
    "name": "null",
    "id": 226,
    "x": 2667,
    "y": 3329,
    "z": 0,
    "direction": "S",
    "walkRange": 2
  },
  {
    "name": "Chicken",
    "id": 2805,
    "x": 2668,
    "y": 3348,
    "z": 0,
    "direction": "S",
    "walkRange": 4
  },
  {
    "name": "null",
    "id": 228,
    "x": 2668,
    "y": 3329,
    "z": 0,
    "direction": "S",
    "walkRange": 2
  },
  {
    "name": "Chicken",
    "id": 2805,
    "x": 2668,
    "y": 3345,
    "z": 0,
    "direction": "S",
    "walkRange": 2
  },
  {
    "name": "Tool Leprechaun",
    "id": 0,
    "x": 2672,
    "y": 3381,
    "z": 0,
    "direction": "S",
    "walkRange": 0
  },
  {
    "name": "Chicken",
    "id": 2805,
    "x": 2670,
    "y": 3353,
    "z": 0,
    "direction": "S",
    "walkRange": 3
  },
  {
    "name": "Sheep",
    "id": 2691,
    "x": 2674,
    "y": 3351,
    "z": 0,
    "direction": "S",
    "walkRange": 0
  },
  {
    "name": "null",
    "id": 5411,
    "x": 2606,
    "y": 3260,
    "z": 0,
    "direction": "S",
    "walkRange": 1
  },
  {
    "name": "Brother Cedric",
    "id": 4245,
    "x": 2614,
    "y": 3259,
    "z": 0,
    "direction": "S",
    "walkRange": 3
  },
  {
    "name": "Grizzly bear",
    "id": 2838,
    "x": 2695,
    "y": 3342,
    "z": 0,
    "direction": "S",
    "walkRange": 6
  },
  {
    "name": "Grizzly bear",
    "id": 2838,
    "x": 2692,
    "y": 3336,
    "z": 0,
    "direction": "S",
    "walkRange": 6
  },
  {
    "name": "Grizzly bear",
    "id": 2838,
    "x": 2692,
    "y": 3343,
    "z": 0,
    "direction": "S",
    "walkRange": 6
  },
  {
    "name": "Grizzly bear",
    "id": 2838,
    "x": 2701,
    "y": 3330,
    "z": 0,
    "direction": "S",
    "walkRange": 6
  },
  {
    "name": "Grizzly bear",
    "id": 2838,
    "x": 2700,
    "y": 3344,
    "z": 0,
    "direction": "S",
    "walkRange": 6
  },
  {
    "name": "Grizzly bear",
    "id": 2838,
    "x": 2706,
    "y": 3329,
    "z": 0,
    "direction": "S",
    "walkRange": 6
  },
  {
    "name": "Grizzly bear",
    "id": 2838,
    "x": 2708,
    "y": 3335,
    "z": 0,
    "direction": "S",
    "walkRange": 6
  },
  {
    "name": "Grizzly bear",
    "id": 2838,
    "x": 2713,
    "y": 3335,
    "z": 0,
    "direction": "S",
    "walkRange": 6
  },
  {
    "name": "Grizzly bear",
    "id": 2838,
    "x": 2720,
    "y": 3331,
    "z": 0,
    "direction": "S",
    "walkRange": 6
  },
  {
    "name": "Legends guard",
    "id": 3951,
    "x": 2727,
    "y": 3348,
    "z": 0,
    "direction": "S",
    "walkRange": 3
  },
  {
    "name": "Legends guard",
    "id": 3952,
    "x": 2728,
    "y": 3347,
    "z": 0,
    "direction": "S",
    "walkRange": 2
  },
  {
    "name": "Guard dog",
    "id": 114,
    "x": 2624,
    "y": 3319,
    "z": 0,
    "direction": "S",
    "walkRange": 3
  },
  {
    "name": "Guard dog",
    "id": 114,
    "x": 2625,
    "y": 3327,
    "z": 0,
    "direction": "S",
    "walkRange": 3
  },
  {
    "name": "Unicorn",
    "id": 2837,
    "x": 2630,
    "y": 3266,
    "z": 0,
    "direction": "S",
    "walkRange": 3
  },
  {
    "name": "Warrior woman",
    "id": 3260,
    "x": 2628,
    "y": 3294,
    "z": 0,
    "direction": "S",
    "walkRange": 4
  },
  {
    "name": "Hero",
    "id": 3106,
    "x": 2630,
    "y": 3290,
    "z": 0,
    "direction": "S",
    "walkRange": 5
  },
  {
    "name": "Grizzly bear",
    "id": 2838,
    "x": 2630,
    "y": 3279,
    "z": 0,
    "direction": "S",
    "walkRange": 5
  },
  {
    "name": "Warrior woman",
    "id": 3260,
    "x": 2633,
    "y": 3298,
    "z": 0,
    "direction": "S",
    "walkRange": 4
  },
  {
    "name": "Grizzly bear",
    "id": 2838,
    "x": 2631,
    "y": 3277,
    "z": 0,
    "direction": "S",
    "walkRange": 4
  },
  {
    "name": "Unicorn",
    "id": 2837,
    "x": 2632,
    "y": 3265,
    "z": 0,
    "direction": "S",
    "walkRange": 4
  },
  {
    "name": "Horacio",
    "id": 5315,
    "x": 2635,
    "y": 3311,
    "z": 0,
    "direction": "S",
    "walkRange": 1
  },
  {
    "name": "Estate agent",
    "id": 3097,
    "x": 2639,
    "y": 3291,
    "z": 0,
    "direction": "S",
    "walkRange": 1
  },
  {
    "name": "Guard dog",
    "id": 114,
    "x": 2640,
    "y": 3314,
    "z": 0,
    "direction": "S",
    "walkRange": 2
  },
  {
    "name": "GPDT employee",
    "id": 5313,
    "x": 2644,
    "y": 3272,
    "z": 0,
    "direction": "S",
    "walkRange": 3
  },
  {
    "name": "GPDT employee",
    "id": 5313,
    "x": 2643,
    "y": 3273,
    "z": 0,
    "direction": "S",
    "walkRange": 3
  },
  {
    "name": "Guard dog",
    "id": 114,
    "x": 2646,
    "y": 3325,
    "z": 0,
    "direction": "S",
    "walkRange": 3
  },
  {
    "name": "GPDT employee",
    "id": 5313,
    "x": 2645,
    "y": 3271,
    "z": 0,
    "direction": "S",
    "walkRange": 2
  },
  {
    "name": "Hero",
    "id": 3106,
    "x": 2646,
    "y": 3306,
    "z": 0,
    "direction": "S",
    "walkRange": 3
  },
  {
    "name": "Guard",
    "id": 3269,
    "x": 2650,
    "y": 3307,
    "z": 0,
    "direction": "S",
    "walkRange": 5
  },
  {
    "name": "Knight of Ardougne",
    "id": 3297,
    "x": 2659,
    "y": 3321,
    "z": 0,
    "direction": "S",
    "walkRange": 6
  },
  {
    "name": "null",
    "id": 6705,
    "x": 2648,
    "y": 3280,
    "z": 0,
    "direction": "S",
    "walkRange": 0
  },
  {
    "name": "Zenesha",
    "id": 8681,
    "x": 2652,
    "y": 3294,
    "z": 0,
    "direction": "S",
    "walkRange": 3
  },
  {
    "name": "Knight of Ardougne",
    "id": 3297,
    "x": 2658,
    "y": 3292,
    "z": 0,
    "direction": "S",
    "walkRange": 1
  },
  {
    "name": "Paladin",
    "id": 8853,
    "x": 2653,
    "y": 3315,
    "z": 0,
    "direction": "S",
    "walkRange": 5
  },
  {
    "name": "Baker",
    "id": 3208,
    "x": 2654,
    "y": 3312,
    "z": 0,
    "direction": "S",
    "walkRange": 2
  },
  {
    "name": "Silk merchant",
    "id": 3211,
    "x": 2656,
    "y": 3301,
    "z": 0,
    "direction": "S",
    "walkRange": 0
  },
  {
    "name": "Banker",
    "id": 1028,
    "x": 2657,
    "y": 3280,
    "z": 0,
    "direction": "W",
    "walkRange": 0
  },
  {
    "name": "null",
    "id": 6528,
    "x": 2657,
    "y": 3283,
    "z": 0,
    "direction": "W",
    "walkRange": 0
  },
  {
    "name": "Banker",
    "id": 1027,
    "x": 2657,
    "y": 3286,
    "z": 0,
    "direction": "W",
    "walkRange": 0
  },
  {
    "name": "Paladin",
    "id": 8853,
    "x": 2657,
    "y": 3307,
    "z": 0,
    "direction": "S",
    "walkRange": 5
  },
  {
    "name": "Spice seller",
    "id": 3209,
    "x": 2659,
    "y": 3295,
    "z": 0,
    "direction": "S",
    "walkRange": 2
  },
  {
    "name": "Monkey",
    "id": 1038,
    "x": 2658,
    "y": 3316,
    "z": 0,
    "direction": "S",
    "walkRange": 0
  },
  {
    "name": "Guard",
    "id": 3269,
    "x": 2659,
    "y": 3309,
    "z": 0,
    "direction": "S",
    "walkRange": 5
  },
  {
    "name": "Guard",
    "id": 3269,
    "x": 2660,
    "y": 3309,
    "z": 0,
    "direction": "S",
    "walkRange": 5
  },
  {
    "name": "Guard",
    "id": 3269,
    "x": 2661,
    "y": 3309,
    "z": 0,
    "direction": "S",
    "walkRange": 4
  },
  {
    "name": "Guard",
    "id": 3269,
    "x": 2663,
    "y": 3302,
    "z": 0,
    "direction": "S",
    "walkRange": 5
  },
  {
    "name": "Guard",
    "id": 3269,
    "x": 2662,
    "y": 3320,
    "z": 0,
    "direction": "S",
    "walkRange": 2
  },
  {
    "name": "Guard",
    "id": 3269,
    "x": 2665,
    "y": 3300,
    "z": 0,
    "direction": "S",
    "walkRange": 5
  },
  {
    "name": "Town crier",
    "id": 279,
    "x": 2664,
    "y": 3311,
    "z": 0,
    "direction": "S",
    "walkRange": 2
  },
  {
    "name": "Fur trader",
    "id": 3210,
    "x": 2665,
    "y": 3294,
    "z": 0,
    "direction": "S",
    "walkRange": 0
  },
  {
    "name": "Hero",
    "id": 3106,
    "x": 2670,
    "y": 3317,
    "z": 0,
    "direction": "S",
    "walkRange": 2
  },
  {
    "name": "Knight of Ardougne",
    "id": 3297,
    "x": 2668,
    "y": 3300,
    "z": 0,
    "direction": "S",
    "walkRange": 11
  },
  {
    "name": "Gem merchant",
    "id": 3207,
    "x": 2669,
    "y": 3303,
    "z": 0,
    "direction": "S",
    "walkRange": 0
  },
  {
    "name": "Baker",
    "id": 3208,
    "x": 2669,
    "y": 3310,
    "z": 0,
    "direction": "S",
    "walkRange": 0
  },
  {
    "name": "Knight of Ardougne",
    "id": 3297,
    "x": 2663,
    "y": 3321,
    "z": 0,
    "direction": "S",
    "walkRange": 2
  },
  {
    "name": "null",
    "id": 5314,
    "x": 2682,
    "y": 3324,
    "z": 0,
    "direction": "S",
    "walkRange": 3
  },
  {
    "name": "null",
    "id": 3650,
    "x": 2677,
    "y": 3275,
    "z": 0,
    "direction": "S",
    "walkRange": 5
  },
  {
    "name": "null",
    "id": 4261,
    "x": 2563,
    "y": 3287,
    "z": 0,
    "direction": "S",
    "walkRange": 4
  },
  {
    "name": "Bones",
    "id": 4576,
    "x": 2562,
    "y": 3319,
    "z": 0,
    "direction": "S",
    "walkRange": 1
  },
  {
    "name": "Jimmy Dazzler",
    "id": 4589,
    "x": 2562,
    "y": 3320,
    "z": 0,
    "direction": "S",
    "walkRange": 1
  },
  {
    "name": "Paladin",
    "id": 3104,
    "x": 2570,
    "y": 3299,
    "z": 0,
    "direction": "S",
    "walkRange": 2
  },
  {
    "name": "Sheep",
    "id": 2692,
    "x": 2692,
    "y": 3270,
    "z": 0,
    "direction": "S",
    "walkRange": 4
  },
  {
    "name": "Sheep",
    "id": 2693,
    "x": 2691,
    "y": 3276,
    "z": 0,
    "direction": "S",
    "walkRange": 4
  },
  {
    "name": "Sheep",
    "id": 2693,
    "x": 2692,
    "y": 3272,
    "z": 0,
    "direction": "S",
    "walkRange": 4
  },
  {
    "name": "Paladin",
    "id": 3104,
    "x": 2572,
    "y": 3305,
    "z": 0,
    "direction": "S",
    "walkRange": 2
  },
  {
    "name": "Sheep",
    "id": 2692,
    "x": 2693,
    "y": 3273,
    "z": 0,
    "direction": "S",
    "walkRange": 3
  },
  {
    "name": "Paladin",
    "id": 3104,
    "x": 2572,
    "y": 3303,
    "z": 0,
    "direction": "S",
    "walkRange": 2
  },
  {
    "name": "null",
    "id": 6249,
    "x": 2707,
    "y": 3284,
    "z": 0,
    "direction": "S",
    "walkRange": 4
  },
  {
    "name": "Lucien",
    "id": 3444,
    "x": 2572,
    "y": 3321,
    "z": 0,
    "direction": "S",
    "walkRange": 5
  },
  {
    "name": "null",
    "id": 5064,
    "x": 2709,
    "y": 3283,
    "z": 0,
    "direction": "S",
    "walkRange": 5
  },
  {
    "name": "Two-pints",
    "id": 5519,
    "x": 2574,
    "y": 3323,
    "z": 0,
    "direction": "S",
    "walkRange": 2
  },
  {
    "name": "null",
    "id": 6243,
    "x": 2708,
    "y": 3291,
    "z": 0,
    "direction": "S",
    "walkRange": 2
  },
  {
    "name": "Bartender",
    "id": 1319,
    "x": 2576,
    "y": 3320,
    "z": 0,
    "direction": "S",
    "walkRange": 2
  },
  {
    "name": "null",
    "id": 6245,
    "x": 2715,
    "y": 3279,
    "z": 0,
    "direction": "S",
    "walkRange": 4
  },
  {
    "name": "Paladin",
    "id": 3104,
    "x": 2577,
    "y": 3307,
    "z": 0,
    "direction": "S",
    "walkRange": 2
  },
  {
    "name": "null",
    "id": 6248,
    "x": 2716,
    "y": 3279,
    "z": 0,
    "direction": "S",
    "walkRange": 4
  },
  {
    "name": "null",
    "id": 6246,
    "x": 2716,
    "y": 3289,
    "z": 0,
    "direction": "S",
    "walkRange": 5
  },
  {
    "name": "Paladin",
    "id": 3104,
    "x": 2581,
    "y": 3286,
    "z": 0,
    "direction": "S",
    "walkRange": 2
  },
  {
    "name": "Caroline",
    "id": 5067,
    "x": 2716,
    "y": 3302,
    "z": 0,
    "direction": "S",
    "walkRange": 2
  },
  {
    "name": "Paladin",
    "id": 3104,
    "x": 2581,
    "y": 3299,
    "z": 0,
    "direction": "S",
    "walkRange": 2
  },
  {
    "name": "null",
    "id": 6249,
    "x": 2717,
    "y": 3289,
    "z": 0,
    "direction": "S",
    "walkRange": 4
  },
  {
    "name": "null",
    "id": 6252,
    "x": 2716,
    "y": 3304,
    "z": 0,
    "direction": "S",
    "walkRange": 2
  },
  {
    "name": "Knight of Ardougne",
    "id": 3297,
    "x": 2580,
    "y": 3297,
    "z": 0,
    "direction": "S",
    "walkRange": 8
  },
  {
    "name": "null",
    "id": 5071,
    "x": 2720,
    "y": 3305,
    "z": 0,
    "direction": "S",
    "walkRange": 1
  },
  {
    "name": "Red salamander",
    "id": 2904,
    "x": 2468,
    "y": 3244,
    "z": 0,
    "direction": "S",
    "walkRange": 3
  },
  {
    "name": "Red salamander",
    "id": 2904,
    "x": 2471,
    "y": 3242,
    "z": 0,
    "direction": "S",
    "walkRange": 3
  },
  {
    "name": "Red salamander",
    "id": 2904,
    "x": 2476,
    "y": 3237,
    "z": 0,
    "direction": "S",
    "walkRange": 3
  },
  {
    "name": "Red salamander",
    "id": 2904,
    "x": 2474,
    "y": 3240,
    "z": 0,
    "direction": "S",
    "walkRange": 3
  },
  {
    "name": "Red salamander",
    "id": 2904,
    "x": 2472,
    "y": 3240,
    "z": 0,
    "direction": "S",
    "walkRange": 3
  },
  {
    "name": "Red salamander",
    "id": 2904,
    "x": 2456,
    "y": 3220,
    "z": 0,
    "direction": "S",
    "walkRange": 3
  },
  {
    "name": "Red salamander",
    "id": 2904,
    "x": 2451,
    "y": 3221,
    "z": 0,
    "direction": "S",
    "walkRange": 3
  },
  {
    "name": "Red salamander",
    "id": 2904,
    "x": 2449,
    "y": 3222,
    "z": 0,
    "direction": "S",
    "walkRange": 3
  },
  {
    "name": "Red salamander",
    "id": 2904,
    "x": 2449,
    "y": 3226,
    "z": 0,
    "direction": "S",
    "walkRange": 3
  },
  {
    "name": "Red salamander",
    "id": 2904,
    "x": 2447,
    "y": 3227,
    "z": 0,
    "direction": "S",
    "walkRange": 3
  },
  {
    "name": "Red salamander",
    "id": 2904,
    "x": 2450,
    "y": 3223,
    "z": 0,
    "direction": "S",
    "walkRange": 3
  }
]