[
  {
    "name": "Bandit",
    "id": 692,
    "x": 3157,
    "y": 2986,
    "z": 0,
    "direction": "S",
    "walkRange": 0
  },
  {
    "name": "Bandit",
    "id": 691,
    "x": 3157,
    "y": 2989,
    "z": 0,
    "direction": "S",
    "walkRange": 0
  },
  {
    "name": "Bandit",
    "id": 690,
    "x": 3157,
    "y": 2978,
    "z": 0,
    "direction": "W",
    "walkRange": 3
  },
  {
    "name": "Bandit",
    "id": 690,
    "x": 3158,
    "y": 2987,
    "z": 0,
    "direction": "N",
    "walkRange": 3
  },
  {
    "name": "Bandit",
    "id": 693,
    "x": 3159,
    "y": 2977,
    "z": 0,
    "direction": "S",
    "walkRange": 0
  },
  {
    "name": "Bandit",
    "id": 690,
    "x": 3159,
    "y": 2979,
    "z": 0,
    "direction": "N",
    "walkRange": 3
  },
  {
    "name": "Bartender",
    "id": 687,
    "x": 3159,
    "y": 2981,
    "z": 0,
    "direction": "S",
    "walkRange": 3
  },
  {
    "name": "Bandit",
    "id": 694,
    "x": 3161,
    "y": 2977,
    "z": 0,
    "direction": "S",
    "walkRange": 0
  },
  {
    "name": "Bandit",
    "id": 694,
    "x": 3161,
    "y": 2981,
    "z": 0,
    "direction": "S",
    "walkRange": 0
  },
  {
    "name": "Bandit",
    "id": 694,
    "x": 3161,
    "y": 2982,
    "z": 0,
    "direction": "S",
    "walkRange": 0
  },
  {
    "name": "Bandit",
    "id": 690,
    "x": 3162,
    "y": 2983,
    "z": 0,
    "direction": "N",
    "walkRange": 3
  },
  {
    "name": "Bandit",
    "id": 690,
    "x": 3161,
    "y": 2987,
    "z": 0,
    "direction": "E",
    "walkRange": 3
  },
  {
    "name": "Bandit",
    "id": 692,
    "x": 3162,
    "y": 2987,
    "z": 0,
    "direction": "S",
    "walkRange": 0
  },
  {
    "name": "Bandit",
    "id": 691,
    "x": 3162,
    "y": 2989,
    "z": 0,
    "direction": "S",
    "walkRange": 0
  },
  {
    "name": "Bandit",
    "id": 694,
    "x": 3163,
    "y": 2977,
    "z": 0,
    "direction": "S",
    "walkRange": 0
  },
  {
    "name": "Bandit",
    "id": 690,
    "x": 3163,
    "y": 2979,
    "z": 0,
    "direction": "S",
    "walkRange": 3
  },
  {
    "name": "Bandit",
    "id": 690,
    "x": 3162,
    "y": 2982,
    "z": 0,
    "direction": "S",
    "walkRange": 3
  },
  {
    "name": "Bandit",
    "id": 690,
    "x": 3162,
    "y": 2986,
    "z": 0,
    "direction": "N",
    "walkRange": 3
  },
  {
    "name": "Bandit",
    "id": 690,
    "x": 3164,
    "y": 2978,
    "z": 0,
    "direction": "S",
    "walkRange": 3
  },
  {
    "name": "Bandit",
    "id": 690,
    "x": 3163,
    "y": 2984,
    "z": 0,
    "direction": "W",
    "walkRange": 3
  },
  {
    "name": "Bandit",
    "id": 695,
    "x": 3171,
    "y": 2988,
    "z": 0,
    "direction": "N",
    "walkRange": 3
  },
  {
    "name": "Bandit",
    "id": 695,
    "x": 3170,
    "y": 2975,
    "z": 0,
    "direction": "E",
    "walkRange": 3
  },
  {
    "name": "Bandit",
    "id": 695,
    "x": 3175,
    "y": 2974,
    "z": 0,
    "direction": "N",
    "walkRange": 3
  },
  {
    "name": "Bandit",
    "id": 695,
    "x": 3181,
    "y": 2975,
    "z": 0,
    "direction": "W",
    "walkRange": 3
  },
  {
    "name": "Bandit",
    "id": 695,
    "x": 3176,
    "y": 2976,
    "z": 0,
    "direction": "W",
    "walkRange": 3
  },
  {
    "name": "Bandit shopkeeper",
    "id": 1833,
    "x": 3174,
    "y": 2987,
    "z": 0,
    "direction": "W",
    "walkRange": 3
  },
  {
    "name": "Tiles",
    "id": 2133,
    "x": 3178,
    "y": 2986,
    "z": 0,
    "direction": "E",
    "walkRange": 3
  },
  {
    "name": "Bandit",
    "id": 695,
    "x": 3184,
    "y": 2994,
    "z": 0,
    "direction": "E",
    "walkRange": 3
  },
  {
    "name": "Bandit",
    "id": 695,
    "x": 3180,
    "y": 2970,
    "z": 0,
    "direction": "E",
    "walkRange": 3
  },
  {
    "name": "Bandit",
    "id": 695,
    "x": 3181,
    "y": 2970,
    "z": 0,
    "direction": "E",
    "walkRange": 3
  },
  {
    "name": "null",
    "id": 1966,
    "x": 3188,
    "y": 2985,
    "z": 0,
    "direction": "S",
    "walkRange": 3
  },
  {
    "name": "Bandit",
    "id": 695,
    "x": 3183,
    "y": 2984,
    "z": 0,
    "direction": "W",
    "walkRange": 3
  },
  {
    "name": "Bandit",
    "id": 695,
    "x": 3187,
    "y": 2983,
    "z": 0,
    "direction": "E",
    "walkRange": 3
  }
]