[
  {
    "name": "Joseph",
    "id": 2616,
    "x": 3475,
    "y": 3476,
    "z": 0,
    "direction": "S",
    "walkRange": 3
  },
  {
    "name": "Will o\u0027 the wisp",
    "id": 3483,
    "x": 3474,
    "y": 3506,
    "z": 0,
    "direction": "S",
    "walkRange": 1
  },
  {
    "name": "Fidelio",
    "id": 6525,
    "x": 3477,
    "y": 3496,
    "z": 0,
    "direction": "S",
    "walkRange": 3
  },
  {
    "name": "Will o\u0027 the wisp",
    "id": 3483,
    "x": 3474,
    "y": 3506,
    "z": 0,
    "direction": "S",
    "walkRange": 3
  },
  {
    "name": "Yadviga",
    "id": 2628,
    "x": 3479,
    "y": 3493,
    "z": 0,
    "direction": "S",
    "walkRange": 4
  },
  {
    "name": "Nikita",
    "id": 2629,
    "x": 3479,
    "y": 3497,
    "z": 0,
    "direction": "S",
    "walkRange": 4
  },
  {
    "name": "Will o\u0027 the wisp",
    "id": 3483,
    "x": 3482,
    "y": 3468,
    "z": 0,
    "direction": "S",
    "walkRange": 3
  },
  {
    "name": "Will o\u0027 the wisp",
    "id": 3483,
    "x": 3480,
    "y": 3470,
    "z": 0,
    "direction": "S",
    "walkRange": 0
  },
  {
    "name": "Will o\u0027 the wisp",
    "id": 3483,
    "x": 3483,
    "y": 3467,
    "z": 0,
    "direction": "S",
    "walkRange": 2
  },
  {
    "name": "Georgy",
    "id": 2620,
    "x": 3483,
    "y": 3478,
    "z": 0,
    "direction": "S",
    "walkRange": 4
  },
  {
    "name": "Sofiya",
    "id": 2626,
    "x": 3483,
    "y": 3495,
    "z": 0,
    "direction": "S",
    "walkRange": 5
  },
  {
    "name": "Will o\u0027 the wisp",
    "id": 3483,
    "x": 3483,
    "y": 3507,
    "z": 0,
    "direction": "S",
    "walkRange": 0
  },
  {
    "name": "Will o\u0027 the wisp",
    "id": 3483,
    "x": 3483,
    "y": 3466,
    "z": 0,
    "direction": "S",
    "walkRange": 2
  },
  {
    "name": "Irina",
    "id": 2622,
    "x": 3485,
    "y": 3488,
    "z": 0,
    "direction": "S",
    "walkRange": 5
  },
  {
    "name": "Will o\u0027 the wisp",
    "id": 3483,
    "x": 3484,
    "y": 3508,
    "z": 0,
    "direction": "S",
    "walkRange": 3
  },
  {
    "name": "Boris",
    "id": 2613,
    "x": 3489,
    "y": 3490,
    "z": 0,
    "direction": "S",
    "walkRange": 5
  },
  {
    "name": "Vera",
    "id": 2630,
    "x": 3490,
    "y": 3473,
    "z": 0,
    "direction": "S",
    "walkRange": 4
  },
  {
    "name": "Imre",
    "id": 2614,
    "x": 3490,
    "y": 3474,
    "z": 0,
    "direction": "S",
    "walkRange": 5
  },
  {
    "name": "Roavar",
    "id": 6527,
    "x": 3493,
    "y": 3474,
    "z": 0,
    "direction": "S",
    "walkRange": 4
  },
  {
    "name": "Will o\u0027 the wisp",
    "id": 3483,
    "x": 3492,
    "y": 3511,
    "z": 0,
    "direction": "S",
    "walkRange": 2
  },
  {
    "name": "Nikolai",
    "id": 2617,
    "x": 3496,
    "y": 3478,
    "z": 0,
    "direction": "S",
    "walkRange": 5
  },
  {
    "name": "Milla",
    "id": 2624,
    "x": 3497,
    "y": 3475,
    "z": 0,
    "direction": "S",
    "walkRange": 4
  },
  {
    "name": "Malak",
    "id": 686,
    "x": 3497,
    "y": 3478,
    "z": 0,
    "direction": "S",
    "walkRange": 0
  },
  {
    "name": "Yuri",
    "id": 2615,
    "x": 3497,
    "y": 3496,
    "z": 0,
    "direction": "S",
    "walkRange": 5
  },
  {
    "name": "Will o\u0027 the wisp",
    "id": 3483,
    "x": 3498,
    "y": 3513,
    "z": 0,
    "direction": "S",
    "walkRange": 4
  },
  {
    "name": "Svetlana",
    "id": 2621,
    "x": 3501,
    "y": 3493,
    "z": 0,
    "direction": "S",
    "walkRange": 5
  },
  {
    "name": "Will o\u0027 the wisp",
    "id": 3483,
    "x": 3501,
    "y": 3513,
    "z": 0,
    "direction": "S",
    "walkRange": 4
  },
  {
    "name": "Lev",
    "id": 2619,
    "x": 3501,
    "y": 3487,
    "z": 0,
    "direction": "S",
    "walkRange": 5
  },
  {
    "name": "null",
    "id": 6269,
    "x": 3503,
    "y": 3477,
    "z": 0,
    "direction": "S",
    "walkRange": 0
  },
  {
    "name": "Will o\u0027 the wisp",
    "id": 3483,
    "x": 3504,
    "y": 3465,
    "z": 0,
    "direction": "S",
    "walkRange": 1
  },
  {
    "name": "Will o\u0027 the wisp",
    "id": 3483,
    "x": 3504,
    "y": 3514,
    "z": 0,
    "direction": "S",
    "walkRange": 3
  },
  {
    "name": "Will o\u0027 the wisp",
    "id": 3483,
    "x": 3504,
    "y": 3514,
    "z": 0,
    "direction": "S",
    "walkRange": 2
  },
  {
    "name": "Will o\u0027 the wisp",
    "id": 3483,
    "x": 3505,
    "y": 3514,
    "z": 0,
    "direction": "S",
    "walkRange": 2
  },
  {
    "name": "Will o\u0027 the wisp",
    "id": 3483,
    "x": 3509,
    "y": 3512,
    "z": 0,
    "direction": "S",
    "walkRange": 0
  },
  {
    "name": "Will o\u0027 the wisp",
    "id": 3483,
    "x": 3515,
    "y": 3491,
    "z": 0,
    "direction": "S",
    "walkRange": 2
  },
  {
    "name": "Mazchna",
    "id": 402,
    "x": 3511,
    "y": 3508,
    "z": 0,
    "direction": "S",
    "walkRange": 3
  },
  {
    "name": "Will o\u0027 the wisp",
    "id": 3483,
    "x": 3513,
    "y": 3467,
    "z": 0,
    "direction": "S",
    "walkRange": 3
  },
  {
    "name": "Will o\u0027 the wisp",
    "id": 3483,
    "x": 3514,
    "y": 3488,
    "z": 0,
    "direction": "S",
    "walkRange": 3
  },
  {
    "name": "Will o\u0027 the wisp",
    "id": 3483,
    "x": 3514,
    "y": 3487,
    "z": 0,
    "direction": "S",
    "walkRange": 2
  },
  {
    "name": "Will o\u0027 the wisp",
    "id": 3483,
    "x": 3513,
    "y": 3502,
    "z": 0,
    "direction": "S",
    "walkRange": 2
  },
  {
    "name": "Will o\u0027 the wisp",
    "id": 3483,
    "x": 3514,
    "y": 3490,
    "z": 0,
    "direction": "S",
    "walkRange": 0
  },
  {
    "name": "Will o\u0027 the wisp",
    "id": 3483,
    "x": 3515,
    "y": 3493,
    "z": 0,
    "direction": "S",
    "walkRange": 3
  },
  {
    "name": "Will o\u0027 the wisp",
    "id": 3483,
    "x": 3515,
    "y": 3497,
    "z": 0,
    "direction": "S",
    "walkRange": 3
  },
  {
    "name": "Will o\u0027 the wisp",
    "id": 3483,
    "x": 3515,
    "y": 3470,
    "z": 0,
    "direction": "S",
    "walkRange": 4
  },
  {
    "name": "Taxidermist",
    "id": 5418,
    "x": 3480,
    "y": 3484,
    "z": 0,
    "direction": "S",
    "walkRange": 0
  },
  {
    "name": "Sbott",
    "id": 6526,
    "x": 3489,
    "y": 3501,
    "z": 0,
    "direction": "S",
    "walkRange": 3
  },
  {
    "name": "Barker",
    "id": 6524,
    "x": 3500,
    "y": 3505,
    "z": 0,
    "direction": "S",
    "walkRange": 3
  },
  {
    "name": "Zoja",
    "id": 2631,
    "x": 3505,
    "y": 3492,
    "z": 0,
    "direction": "S",
    "walkRange": 5
  },
  {
    "name": "Rufus",
    "id": 6478,
    "x": 3506,
    "y": 3495,
    "z": 0,
    "direction": "S",
    "walkRange": 4
  },
  {
    "name": "Eduard",
    "id": 2618,
    "x": 3511,
    "y": 3482,
    "z": 0,
    "direction": "S",
    "walkRange": 5
  },
  {
    "name": "Banker",
    "id": 2633,
    "x": 3514,
    "y": 3479,
    "z": 0,
    "direction": "W",
    "walkRange": 0
  },
  {
    "name": "Banker",
    "id": 2633,
    "x": 3514,
    "y": 3481,
    "z": 0,
    "direction": "W",
    "walkRange": 0
  },
  {
    "name": "Will o\u0027 the wisp",
    "id": 3483,
    "x": 3466,
    "y": 3488,
    "z": 0,
    "direction": "S",
    "walkRange": 0
  },
  {
    "name": "Will o\u0027 the wisp",
    "id": 3483,
    "x": 3467,
    "y": 3466,
    "z": 0,
    "direction": "S",
    "walkRange": 1
  },
  {
    "name": "Le-sabrè",
    "id": 5521,
    "x": 3468,
    "y": 3475,
    "z": 0,
    "direction": "S",
    "walkRange": 2
  },
  {
    "name": "Will o\u0027 the wisp",
    "id": 3483,
    "x": 3468,
    "y": 3496,
    "z": 0,
    "direction": "S",
    "walkRange": 3
  },
  {
    "name": "Will o\u0027 the wisp",
    "id": 3483,
    "x": 3470,
    "y": 3496,
    "z": 0,
    "direction": "S",
    "walkRange": 2
  },
  {
    "name": "Will o\u0027 the wisp",
    "id": 3483,
    "x": 3466,
    "y": 3488,
    "z": 0,
    "direction": "S",
    "walkRange": 0
  },
  {
    "name": "Will o\u0027 the wisp",
    "id": 3483,
    "x": 3468,
    "y": 3499,
    "z": 0,
    "direction": "S",
    "walkRange": 0
  },
  {
    "name": "Will o\u0027 the wisp",
    "id": 3483,
    "x": 3469,
    "y": 3510,
    "z": 0,
    "direction": "S",
    "walkRange": 0
  },
  {
    "name": "Will o\u0027 the wisp",
    "id": 3483,
    "x": 3468,
    "y": 3468,
    "z": 0,
    "direction": "S",
    "walkRange": 2
  },
  {
    "name": "Will o\u0027 the wisp",
    "id": 3483,
    "x": 3469,
    "y": 3469,
    "z": 0,
    "direction": "S",
    "walkRange": 0
  },
  {
    "name": "Will o\u0027 the wisp",
    "id": 3483,
    "x": 3471,
    "y": 3479,
    "z": 0,
    "direction": "S",
    "walkRange": 2
  },
  {
    "name": "Tool Leprechaun",
    "id": 0,
    "x": 3599,
    "y": 3522,
    "z": 0,
    "direction": "S",
    "walkRange": 0
  },
  {
    "name": "Lyra",
    "id": 2666,
    "x": 3603,
    "y": 3528,
    "z": 0,
    "direction": "S",
    "walkRange": 3
  },
  {
    "name": "Swamp lizard",
    "id": 2906,
    "x": 3548,
    "y": 3439,
    "z": 0,
    "direction": "S",
    "walkRange": 2
  },
  {
    "name": "Swamp lizard",
    "id": 2906,
    "x": 3544,
    "y": 3439,
    "z": 0,
    "direction": "S",
    "walkRange": 2
  },
  {
    "name": "Swamp lizard",
    "id": 2906,
    "x": 3552,
    "y": 3440,
    "z": 0,
    "direction": "S",
    "walkRange": 2
  },
  {
    "name": "Swamp lizard",
    "id": 2906,
    "x": 3557,
    "y": 3435,
    "z": 0,
    "direction": "S",
    "walkRange": 2
  },
  {
    "name": "Swamp lizard",
    "id": 2906,
    "x": 3561,
    "y": 3431,
    "z": 0,
    "direction": "S",
    "walkRange": 2
  },
  {
    "name": "Swamp lizard",
    "id": 2906,
    "x": 3537,
    "y": 3449,
    "z": 0,
    "direction": "S",
    "walkRange": 2
  },
  {
    "name": "Swamp lizard",
    "id": 2906,
    "x": 3535,
    "y": 3447,
    "z": 0,
    "direction": "S",
    "walkRange": 2
  },
  {
    "name": "Swamp lizard",
    "id": 2906,
    "x": 3539,
    "y": 3450,
    "z": 0,
    "direction": "S",
    "walkRange": 2
  },
  {
    "name": "Swamp lizard",
    "id": 2906,
    "x": 3549,
    "y": 3451,
    "z": 0,
    "direction": "S",
    "walkRange": 2
  },
  {
    "name": "Swamp lizard",
    "id": 2906,
    "x": 3552,
    "y": 3452,
    "z": 0,
    "direction": "S",
    "walkRange": 2
  },
  {
    "name": "Swamp lizard",
    "id": 2906,
    "x": 3555,
    "y": 3452,
    "z": 0,
    "direction": "S",
    "walkRange": 2
  }
]