[
  {
    "name": "Fairy Fixit",
    "id": 7333,
    "x": 3131,
    "y": 3498,
    "z": 0,
    "direction": "S",
    "walkRange": 2,
    "world": "ECO",
    "shopOptions": {
      "trade": "57466715-a9d7-4284-bfc2-190ce93e07f2"
    }
  },
  {
    "name": "Horvik",
    "id": 2882,
    "x": 3076,
    "y": 3511,
    "z": 0,
    "direction": "E",
    "walkRange": 0,
    "world": "ECO"
  },
  {
    "name": "Sedridor",
    "id": 5034,
    "x": 3088,
    "y": 3505,
    "z": 0,
    "direction": "E",
    "walkRange": 2,
    "world": "ECO"
  },
  {
    "name": "Donation Manager",
    "id": 2108,
    "x": 3095,
    "y": 3499,
    "z": 0,
    "direction": "S",
    "walkRange": 0,
    "shopOptions": {
      "Open-shop": "545d3f40-361e-42ce-84bc-4681264685de"
    }
  },
  {
    "name": "Vote Manager",
    "id": 1815,
    "x": 3096,
    "y": 3499,
    "z": 0,
    "direction": "S",
    "walkRange": 0,
    "shopOptions": {
      "trade": "aecef817-39c1-4a22-9ee9-2815da9dd3df"
    }
  },
  {
    "name": "[BM] Magic Shop",
    "id": 8274,
    "x": 3077,
    "y": 3513,
    "z": 0,
    "direction": "S",
    "walkRange": 0,
    "shopOptions": {
      "Trade": "Blood Money Magic Shop"
    }
  },
  {
    "name": "[BM] Ranged Shop",
    "id": 8220,
    "x": 3078,
    "y": 3513,
    "z": 0,
    "direction": "S",
    "walkRange": 0,
    "shopOptions": {
      "Trade": "Blood Money Ranged Shop"
    }
  },
  {
    "name": "[BM] Melee Shop",
    "id": 8121,
    "x": 3079,
    "y": 3513,
    "z": 0,
    "direction": "S",
    "walkRange": 0,
    "shopOptions": {
      "Trade": "Blood Money Melee Shop"
    }
  },
  {
    "name": "Banker",
    "id": 3888,
    "x": 3096,
    "y": 3489,
    "z": 0,
    "direction": "W",
    "walkRange": 0
  },
  {
    "name": "Banker",
    "id": 3888,
    "x": 3096,
    "y": 3491,
    "z": 0,
    "direction": "W",
    "walkRange": 0
  },
  {
    "name": "Banker",
    "id": 3888,
    "x": 3096,
    "y": 3492,
    "z": 0,
    "direction": "N",
    "walkRange": 0
  },
  {
    "name": "Banker",
    "id": 3888,
    "x": 3098,
    "y": 3492,
    "z": 0,
    "direction": "N",
    "walkRange": 0
  },
  {
    "name": "Make-over mage",
    "id": 1307,
    "x": 3090,
    "y": 3498,
    "z": 0,
    "direction": "W",
    "walkRange": 0
  },
  {
    "name": "Security Advisor",
    "id": 5442,
    "x": 3093,
    "y": 3488,
    "z": 0,
    "direction": "N",
    "walkRange": 0
  },
  {
    "name": "Richard",
    "id": 2200,
    "x": 3100,
    "y": 3517,
    "z": 0,
    "direction": "S",
    "walkRange": 2,
    "shopOptions": {
      "trade": "204b1cb6-f628-4f91-96c9-07941921a1e7"
    }
  },
  {
    "name": "Banker",
    "id": 3888,
    "x": 3285,
    "y": 9443,
    "z": 0,
    "direction": "E",
    "walkRange": 0
  },
  {
    "name": "Grand Exchange Clerk",
    "id": 2148,
    "x": 3091,
    "y": 3496,
    "z": 0,
    "direction": "E",
    "walkRange": 0
  },
  {
    "name": "Grand Exchange Clerk",
    "id": 2149,
    "x": 3091,
    "y": 3494,
    "z": 0,
    "direction": "E",
    "walkRange": 0
  },
  {
    "name": "Ironman",
    "id": 311,
    "x": 3076,
    "y": 3508,
    "z": 0,
    "direction": "E",
    "walkRange": 0
  },
  {
    "name": "Krystilia",
    "id": 7663,
    "x": 3109,
    "y": 3515,
    "z": 0,
    "direction": "S",
    "walkRange": 0,
    "shopOptions": {
      "trade": "c8918239-a49a-43d7-b465-759eebd2a67b"
    }
  },
  {
    "name": "Twiggy O\u0027Korn",
    "id": 5527,
    "x": 3108,
    "y": 3507,
    "z": 0,
    "direction": "S",
    "walkRange": 2,
    "shopOptions": {
      "rewards": "afd8d69d-37c8-44d9-bfec-680bfaf4dfa4"
    }
  },
  {
    "name": "Monk",
    "id": 2579,
    "x": 3050,
    "y": 3492,
    "z": 0,
    "direction": "S",
    "walkRange": 2
  },
  {
    "name": "Chicken",
    "id": 2804,
    "x": 3050,
    "y": 3516,
    "z": 0,
    "direction": "S",
    "walkRange": 4
  },
  {
    "name": "Ram",
    "id": 1265,
    "x": 3052,
    "y": 3517,
    "z": 0,
    "direction": "S",
    "walkRange": 4
  },
  {
    "name": "Rooster",
    "id": 2803,
    "x": 3053,
    "y": 3517,
    "z": 0,
    "direction": "S",
    "walkRange": 4
  },
  {
    "name": "Monk",
    "id": 2579,
    "x": 3053,
    "y": 3491,
    "z": 0,
    "direction": "S",
    "walkRange": 3
  },
  {
    "name": "Chicken",
    "id": 2804,
    "x": 3054,
    "y": 3516,
    "z": 0,
    "direction": "S",
    "walkRange": 4
  },
  {
    "name": "Abbot Langley",
    "id": 2577,
    "x": 3057,
    "y": 3484,
    "z": 0,
    "direction": "S",
    "walkRange": 2
  },
  {
    "name": "Black Knight",
    "id": 508,
    "x": 3036,
    "y": 3505,
    "z": 0,
    "direction": "S",
    "walkRange": 3
  },
  {
    "name": "Monk",
    "id": 2579,
    "x": 3046,
    "y": 3484,
    "z": 0,
    "direction": "S",
    "walkRange": 2
  },
  {
    "name": "Monk",
    "id": 2579,
    "x": 3045,
    "y": 3496,
    "z": 0,
    "direction": "S",
    "walkRange": 2
  },
  {
    "name": "Brother Althric",
    "id": 1397,
    "x": 3048,
    "y": 3506,
    "z": 0,
    "direction": "S",
    "walkRange": 2
  }
]