[
  {
    "name": "Experiment",
    "id": 1273,
    "x": 3565,
    "y": 9948,
    "z": 0,
    "direction": "S",
    "walkRange": 3
  },
  {
    "name": "Experiment",
    "id": 1274,
    "x": 3565,
    "y": 9951,
    "z": 0,
    "direction": "S",
    "walkRange": 3
  },
  {
    "name": "Experiment",
    "id": 1275,
    "x": 3569,
    "y": 9954,
    "z": 0,
    "direction": "S",
    "walkRange": 3
  },
  {
    "name": "Experiment",
    "id": 1274,
    "x": 3573,
    "y": 9959,
    "z": 0,
    "direction": "S",
    "walkRange": 3
  },
  {
    "name": "Experiment",
    "id": 1274,
    "x": 3566,
    "y": 9960,
    "z": 0,
    "direction": "S",
    "walkRange": 3
  },
  {
    "name": "Experiment",
    "id": 1273,
    "x": 3562,
    "y": 9963,
    "z": 0,
    "direction": "S",
    "walkRange": 3
  },
  {
    "name": "Experiment",
    "id": 1274,
    "x": 3557,
    "y": 9961,
    "z": 0,
    "direction": "S",
    "walkRange": 3
  },
  {
    "name": "Experiment",
    "id": 1275,
    "x": 3551,
    "y": 9959,
    "z": 0,
    "direction": "S",
    "walkRange": 3
  },
  {
    "name": "Experiment",
    "id": 1274,
    "x": 3552,
    "y": 9954,
    "z": 0,
    "direction": "S",
    "walkRange": 3
  },
  {
    "name": "Experiment",
    "id": 1275,
    "x": 3546,
    "y": 9959,
    "z": 0,
    "direction": "S",
    "walkRange": 3
  },
  {
    "name": "Experiment",
    "id": 1274,
    "x": 3529,
    "y": 9969,
    "z": 0,
    "direction": "S",
    "walkRange": 3
  },
  {
    "name": "Experiment",
    "id": 1273,
    "x": 3525,
    "y": 9962,
    "z": 0,
    "direction": "S",
    "walkRange": 3
  },
  {
    "name": "Experiment",
    "id": 1274,
    "x": 3548,
    "y": 9950,
    "z": 0,
    "direction": "S",
    "walkRange": 3
  },
  {
    "name": "Experiment",
    "id": 1275,
    "x": 3552,
    "y": 9937,
    "z": 0,
    "direction": "S",
    "walkRange": 3
  },
  {
    "name": "Experiment",
    "id": 1274,
    "x": 3550,
    "y": 9939,
    "z": 0,
    "direction": "S",
    "walkRange": 3
  },
  {
    "name": "Experiment",
    "id": 1275,
    "x": 3557,
    "y": 9929,
    "z": 0,
    "direction": "S",
    "walkRange": 3
  },
  {
    "name": "Experiment",
    "id": 1273,
    "x": 3554,
    "y": 9924,
    "z": 0,
    "direction": "S",
    "walkRange": 3
  },
  {
    "name": "Experiment",
    "id": 1273,
    "x": 3538,
    "y": 9930,
    "z": 0,
    "direction": "S",
    "walkRange": 3
  },
  {
    "name": "Experiment",
    "id": 1275,
    "x": 3526,
    "y": 9934,
    "z": 0,
    "direction": "S",
    "walkRange": 3
  },
  {
    "name": "Experiment",
    "id": 1274,
    "x": 3506,
    "y": 9925,
    "z": 0,
    "direction": "S",
    "walkRange": 3
  },
  {
    "name": "Experiment",
    "id": 1274,
    "x": 3493,
    "y": 9925,
    "z": 0,
    "direction": "S",
    "walkRange": 3
  },
  {
    "name": "Experiment",
    "id": 1275,
    "x": 3499,
    "y": 9939,
    "z": 0,
    "direction": "S",
    "walkRange": 3
  },
  {
    "name": "Experiment",
    "id": 1274,
    "x": 3492,
    "y": 9946,
    "z": 0,
    "direction": "S",
    "walkRange": 3
  },
  {
    "name": "Experiment",
    "id": 1273,
    "x": 3487,
    "y": 9951,
    "z": 0,
    "direction": "S",
    "walkRange": 3
  },
  {
    "name": "Experiment",
    "id": 1274,
    "x": 3486,
    "y": 9943,
    "z": 0,
    "direction": "S",
    "walkRange": 3
  },
  {
    "name": "Experiment",
    "id": 1274,
    "x": 3479,
    "y": 9943,
    "z": 0,
    "direction": "S",
    "walkRange": 3
  },
  {
    "name": "Experiment",
    "id": 1273,
    "x": 3473,
    "y": 9944,
    "z": 0,
    "direction": "S",
    "walkRange": 3
  },
  {
    "name": "Experiment",
    "id": 1274,
    "x": 3473,
    "y": 9935,
    "z": 0,
    "direction": "S",
    "walkRange": 3
  },
  {
    "name": "Experiment",
    "id": 1275,
    "x": 3486,
    "y": 9928,
    "z": 0,
    "direction": "S",
    "walkRange": 3
  },
  {
    "name": "Experiment",
    "id": 1275,
    "x": 3557,
    "y": 9947,
    "z": 0,
    "direction": "S",
    "walkRange": 3
  }
]