[
  {
    "name": "TzHaar-Ket",
    "id": 7679,
    "x": 2437,
    "y": 5115,
    "z": 0,
    "direction": "E",
    "walkRange": 3
  },
  {
    "name": "TzHaar-Mej",
    "id": 2157,
    "x": 2436,
    "y": 5114,
    "z": 0,
    "direction": "N",
    "walkRange": 3
  },
  {
    "name": "TzHaar-Ket",
    "id": 2179,
    "x": 2441,
    "y": 5112,
    "z": 0,
    "direction": "N",
    "walkRange": 3
  },
  {
    "name": "TzHaar-Ket",
    "id": 7679,
    "x": 2442,
    "y": 5114,
    "z": 0,
    "direction": "E",
    "walkRange": 3
  },
  {
    "name": "TzHaar-Mej",
    "id": 2156,
    "x": 2444,
    "y": 5109,
    "z": 0,
    "direction": "W",
    "walkRange": 3
  },
  {
    "name": "TzHaar-Ket",
    "id": 7679,
    "x": 2448,
    "y": 5110,
    "z": 0,
    "direction": "E",
    "walkRange": 3
  },
  {
    "name": "TzHaar-Ket",
    "id": 2179,
    "x": 2447,
    "y": 5112,
    "z": 0,
    "direction": "W",
    "walkRange": 3
  },
  {
    "name": "TzHaar-Ket",
    "id": 2179,
    "x": 2448,
    "y": 5118,
    "z": 0,
    "direction": "W",
    "walkRange": 3
  },
  {
    "name": "TzHaar-Hur",
    "id": 7684,
    "x": 2452,
    "y": 5087,
    "z": 0,
    "direction": "W",
    "walkRange": 3
  },
  {
    "name": "TzHaar-Xil",
    "id": 2169,
    "x": 2455,
    "y": 5119,
    "z": 0,
    "direction": "N",
    "walkRange": 3
  },
  {
    "name": "TzHaar-Ket",
    "id": 2177,
    "x": 2458,
    "y": 5104,
    "z": 0,
    "direction": "W",
    "walkRange": 3
  },
  {
    "name": "TzHaar-Mej",
    "id": 2156,
    "x": 2461,
    "y": 5105,
    "z": 0,
    "direction": "N",
    "walkRange": 3
  },
  {
    "name": "TzHaar-Ket",
    "id": 2175,
    "x": 2459,
    "y": 5118,
    "z": 0,
    "direction": "N",
    "walkRange": 3
  },
  {
    "name": "TzHaar-Ket",
    "id": 7679,
    "x": 2462,
    "y": 5102,
    "z": 0,
    "direction": "N",
    "walkRange": 3
  },
  {
    "name": "TzHaar-Mej-Bal",
    "id": 7681,
    "x": 2459,
    "y": 5089,
    "z": 0,
    "direction": "S",
    "walkRange": 3
  },
  {
    "name": "TzHaar-Hur",
    "id": 7687,
    "x": 2463,
    "y": 5096,
    "z": 0,
    "direction": "N",
    "walkRange": 3
  },
  {
    "name": "TzHaar-Ket",
    "id": 7679,
    "x": 2455,
    "y": 5114,
    "z": 0,
    "direction": "W",
    "walkRange": 3
  },
  {
    "name": "TzHaar-Ket",
    "id": 7679,
    "x": 2460,
    "y": 5097,
    "z": 0,
    "direction": "W",
    "walkRange": 3
  },
  {
    "name": "TzHaar-Ket",
    "id": 2179,
    "x": 2459,
    "y": 5112,
    "z": 0,
    "direction": "W",
    "walkRange": 3
  },
  {
    "name": "TzHaar-Ket",
    "id": 2179,
    "x": 2459,
    "y": 5103,
    "z": 0,
    "direction": "N",
    "walkRange": 3
  },
  {
    "name": "TzHaar-Ket",
    "id": 7679,
    "x": 2466,
    "y": 5097,
    "z": 0,
    "direction": "W",
    "walkRange": 3
  },
  {
    "name": "TzHaar-Ket",
    "id": 2176,
    "x": 2467,
    "y": 5099,
    "z": 0,
    "direction": "N",
    "walkRange": 3
  },
  {
    "name": "TzHaar-Ket",
    "id": 2177,
    "x": 2470,
    "y": 5094,
    "z": 0,
    "direction": "E",
    "walkRange": 3
  },
  {
    "name": "TzHaar-Xil",
    "id": 2168,
    "x": 2466,
    "y": 5095,
    "z": 0,
    "direction": "W",
    "walkRange": 3
  },
  {
    "name": "TzHaar-Ket",
    "id": 7679,
    "x": 2466,
    "y": 5094,
    "z": 0,
    "direction": "N",
    "walkRange": 3
  },
  {
    "name": "TzHaar-Ket",
    "id": 7679,
    "x": 2468,
    "y": 5096,
    "z": 0,
    "direction": "S",
    "walkRange": 3
  },
  {
    "name": "TzHaar-Mej",
    "id": 2156,
    "x": 2474,
    "y": 5088,
    "z": 0,
    "direction": "N",
    "walkRange": 3
  },
  {
    "name": "TzHaar-Ket",
    "id": 7679,
    "x": 2474,
    "y": 5118,
    "z": 0,
    "direction": "W",
    "walkRange": 3
  },
  {
    "name": "TzHaar-Hur",
    "id": 7684,
    "x": 2473,
    "y": 5115,
    "z": 0,
    "direction": "N",
    "walkRange": 3
  },
  {
    "name": "TzHaar-Xil",
    "id": 2171,
    "x": 2474,
    "y": 5086,
    "z": 0,
    "direction": "S",
    "walkRange": 3
  },
  {
    "name": "TzHaar-Xil",
    "id": 2167,
    "x": 2474,
    "y": 5085,
    "z": 0,
    "direction": "W",
    "walkRange": 3
  },
  {
    "name": "TzHaar-Ket",
    "id": 2175,
    "x": 2480,
    "y": 5084,
    "z": 0,
    "direction": "N",
    "walkRange": 3
  },
  {
    "name": "TzHaar-Ket",
    "id": 7679,
    "x": 2474,
    "y": 5114,
    "z": 0,
    "direction": "N",
    "walkRange": 3
  },
  {
    "name": "TzHaar-Mej",
    "id": 2157,
    "x": 2476,
    "y": 5080,
    "z": 0,
    "direction": "W",
    "walkRange": 3
  },
  {
    "name": "TzHaar-Hur",
    "id": 7682,
    "x": 2473,
    "y": 5112,
    "z": 0,
    "direction": "N",
    "walkRange": 3
  },
  {
    "name": "TzHaar-Ket",
    "id": 2179,
    "x": 2477,
    "y": 5112,
    "z": 0,
    "direction": "W",
    "walkRange": 3
  },
  {
    "name": "TzHaar-Ket",
    "id": 7679,
    "x": 2480,
    "y": 5079,
    "z": 0,
    "direction": "S",
    "walkRange": 3
  },
  {
    "name": "TzHaar-Ket",
    "id": 2179,
    "x": 2480,
    "y": 5084,
    "z": 0,
    "direction": "N",
    "walkRange": 3
  },
  {
    "name": "TzHaar-Ket",
    "id": 7679,
    "x": 2478,
    "y": 5109,
    "z": 0,
    "direction": "W",
    "walkRange": 3
  },
  {
    "name": "TzHaar-Ket",
    "id": 7679,
    "x": 2485,
    "y": 5104,
    "z": 0,
    "direction": "E",
    "walkRange": 3
  },
  {
    "name": "TzHaar-Mej",
    "id": 2156,
    "x": 2482,
    "y": 5101,
    "z": 0,
    "direction": "S",
    "walkRange": 3
  },
  {
    "name": "TzHaar-Ket",
    "id": 2179,
    "x": 2482,
    "y": 5104,
    "z": 0,
    "direction": "N",
    "walkRange": 3
  },
  {
    "name": "TzHaar-Xil",
    "id": 2171,
    "x": 2482,
    "y": 5077,
    "z": 0,
    "direction": "W",
    "walkRange": 3
  },
  {
    "name": "TzHaar-Ket",
    "id": 2179,
    "x": 2487,
    "y": 5079,
    "z": 0,
    "direction": "E",
    "walkRange": 3
  },
  {
    "name": "TzHaar-Ket",
    "id": 2177,
    "x": 2488,
    "y": 5083,
    "z": 0,
    "direction": "S",
    "walkRange": 3
  },
  {
    "name": "TzHaar-Ket",
    "id": 7679,
    "x": 2484,
    "y": 5102,
    "z": 0,
    "direction": "N",
    "walkRange": 3
  },
  {
    "name": "TzHaar-Hur",
    "id": 7686,
    "x": 2488,
    "y": 5100,
    "z": 0,
    "direction": "E",
    "walkRange": 3
  },
  {
    "name": "TzHaar-Ket",
    "id": 7679,
    "x": 2490,
    "y": 5082,
    "z": 0,
    "direction": "S",
    "walkRange": 3
  },
  {
    "name": "TzHaar-Hur-Zal",
    "id": 7688,
    "x": 2490,
    "y": 5071,
    "z": 0,
    "direction": "N",
    "walkRange": 3,
    "shopOptions": {
      "trade": "01b031a3-1d69-4e16-92d2-51ad05f4366f"
    }
  },
  {
    "name": "TzHaar-Ket",
    "id": 2173,
    "x": 2485,
    "y": 5079,
    "z": 0,
    "direction": "E",
    "walkRange": 3
  },
  {
    "name": "TzHaar-Xil",
    "id": 2171,
    "x": 2490,
    "y": 5085,
    "z": 0,
    "direction": "N",
    "walkRange": 3
  },
  {
    "name": "TzHaar-Mej",
    "id": 2159,
    "x": 2491,
    "y": 5096,
    "z": 0,
    "direction": "S",
    "walkRange": 3
  },
  {
    "name": "TzHaar-Ket",
    "id": 7679,
    "x": 2491,
    "y": 5102,
    "z": 0,
    "direction": "S",
    "walkRange": 3
  },
  {
    "name": "TzHaar-Xil",
    "id": 2170,
    "x": 2491,
    "y": 5083,
    "z": 0,
    "direction": "E",
    "walkRange": 3
  },
  {
    "name": "TzHaar-Ket",
    "id": 7679,
    "x": 2494,
    "y": 5096,
    "z": 0,
    "direction": "N",
    "walkRange": 3
  },
  {
    "name": "TzHaar-Mej",
    "id": 2159,
    "x": 2500,
    "y": 5083,
    "z": 0,
    "direction": "W",
    "walkRange": 3
  },
  {
    "name": "TzHaar-Ket",
    "id": 7679,
    "x": 2498,
    "y": 5087,
    "z": 0,
    "direction": "E",
    "walkRange": 3
  },
  {
    "name": "TzHaar-Xil",
    "id": 2172,
    "x": 2494,
    "y": 5092,
    "z": 0,
    "direction": "W",
    "walkRange": 3
  },
  {
    "name": "TzHaar-Mej",
    "id": 2157,
    "x": 2497,
    "y": 5102,
    "z": 0,
    "direction": "S",
    "walkRange": 3
  },
  {
    "name": "TzHaar-Ket",
    "id": 7679,
    "x": 2500,
    "y": 5081,
    "z": 0,
    "direction": "N",
    "walkRange": 3
  },
  {
    "name": "TzHaar-Mej",
    "id": 2160,
    "x": 2502,
    "y": 5084,
    "z": 0,
    "direction": "N",
    "walkRange": 3
  },
  {
    "name": "TzHaar-Ket",
    "id": 7679,
    "x": 2497,
    "y": 5100,
    "z": 0,
    "direction": "E",
    "walkRange": 3
  },
  {
    "name": "TzHaar-Xil",
    "id": 2169,
    "x": 2497,
    "y": 5101,
    "z": 0,
    "direction": "N",
    "walkRange": 3
  },
  {
    "name": "TzHaar-Mej",
    "id": 2157,
    "x": 2502,
    "y": 5080,
    "z": 0,
    "direction": "W",
    "walkRange": 3
  },
  {
    "name": "TzHaar-Ket",
    "id": 2177,
    "x": 2501,
    "y": 5085,
    "z": 0,
    "direction": "S",
    "walkRange": 3
  },
  {
    "name": "TzHaar-Xil",
    "id": 2171,
    "x": 2502,
    "y": 5095,
    "z": 0,
    "direction": "S",
    "walkRange": 3
  },
  {
    "name": "TzHaar-Ket",
    "id": 7679,
    "x": 2508,
    "y": 5087,
    "z": 0,
    "direction": "N",
    "walkRange": 3
  },
  {
    "name": "TzHaar-Xil",
    "id": 2167,
    "x": 2507,
    "y": 5096,
    "z": 0,
    "direction": "E",
    "walkRange": 3
  },
  {
    "name": "TzHaar-Ket",
    "id": 7679,
    "x": 2504,
    "y": 5099,
    "z": 0,
    "direction": "E",
    "walkRange": 3
  },
  {
    "name": "TzHaar-Ket",
    "id": 7679,
    "x": 2505,
    "y": 5073,
    "z": 0,
    "direction": "N",
    "walkRange": 3
  },
  {
    "name": "TzHaar-Ket",
    "id": 2179,
    "x": 2506,
    "y": 5101,
    "z": 0,
    "direction": "N",
    "walkRange": 3
  },
  {
    "name": "TzHaar-Ket",
    "id": 7679,
    "x": 2505,
    "y": 5105,
    "z": 0,
    "direction": "S",
    "walkRange": 3
  },
  {
    "name": "TzHaar-Mej",
    "id": 2158,
    "x": 2506,
    "y": 5066,
    "z": 0,
    "direction": "E",
    "walkRange": 3
  },
  {
    "name": "TzHaar-Hur",
    "id": 7686,
    "x": 2505,
    "y": 5069,
    "z": 0,
    "direction": "N",
    "walkRange": 3
  },
  {
    "name": "TzHaar-Xil",
    "id": 2172,
    "x": 2441,
    "y": 5124,
    "z": 0,
    "direction": "E",
    "walkRange": 3
  },
  {
    "name": "TzHaar-Mej",
    "id": 2157,
    "x": 2506,
    "y": 5101,
    "z": 0,
    "direction": "S",
    "walkRange": 3
  },
  {
    "name": "TzHaar-Xil",
    "id": 2172,
    "x": 2439,
    "y": 5123,
    "z": 0,
    "direction": "E",
    "walkRange": 3
  },
  {
    "name": "TzHaar-Hur",
    "id": 7684,
    "x": 2510,
    "y": 5105,
    "z": 0,
    "direction": "E",
    "walkRange": 3
  },
  {
    "name": "TzHaar-Ket",
    "id": 7679,
    "x": 2512,
    "y": 5069,
    "z": 0,
    "direction": "E",
    "walkRange": 3
  },
  {
    "name": "TzHaar-Mej",
    "id": 2155,
    "x": 2506,
    "y": 5082,
    "z": 0,
    "direction": "E",
    "walkRange": 3
  },
  {
    "name": "TzHaar-Xil",
    "id": 2168,
    "x": 2509,
    "y": 5104,
    "z": 0,
    "direction": "W",
    "walkRange": 3
  },
  {
    "name": "TzHaar-Mej",
    "id": 2156,
    "x": 2510,
    "y": 5110,
    "z": 0,
    "direction": "W",
    "walkRange": 3
  },
  {
    "name": "TzHaar-Ket",
    "id": 7679,
    "x": 2516,
    "y": 5107,
    "z": 0,
    "direction": "S",
    "walkRange": 3
  },
  {
    "name": "TzHaar-Ket",
    "id": 7679,
    "x": 2516,
    "y": 5086,
    "z": 0,
    "direction": "N",
    "walkRange": 3
  },
  {
    "name": "TzHaar-Xil",
    "id": 2171,
    "x": 2511,
    "y": 5113,
    "z": 0,
    "direction": "W",
    "walkRange": 3
  },
  {
    "name": "TzHaar-Hur",
    "id": 7683,
    "x": 2508,
    "y": 5110,
    "z": 0,
    "direction": "W",
    "walkRange": 3
  },
  {
    "name": "TzHaar-Hur",
    "id": 7684,
    "x": 2512,
    "y": 5112,
    "z": 0,
    "direction": "W",
    "walkRange": 3
  },
  {
    "name": "TzHaar-Ket",
    "id": 2176,
    "x": 2514,
    "y": 5107,
    "z": 0,
    "direction": "S",
    "walkRange": 3
  },
  {
    "name": "TzHaar-Xil",
    "id": 2172,
    "x": 2515,
    "y": 5083,
    "z": 0,
    "direction": "W",
    "walkRange": 3
  },
  {
    "name": "TzHaar-Ket",
    "id": 7679,
    "x": 2518,
    "y": 5071,
    "z": 0,
    "direction": "S",
    "walkRange": 3
  },
  {
    "name": "TzHaar-Hur",
    "id": 7684,
    "x": 2516,
    "y": 5108,
    "z": 0,
    "direction": "S",
    "walkRange": 3
  },
  {
    "name": "TzHaar-Ket",
    "id": 7679,
    "x": 2515,
    "y": 5116,
    "z": 0,
    "direction": "N",
    "walkRange": 3
  },
  {
    "name": "TzHaar-Mej",
    "id": 2160,
    "x": 2456,
    "y": 5121,
    "z": 0,
    "direction": "S",
    "walkRange": 3
  },
  {
    "name": "TzHaar-Hur",
    "id": 7682,
    "x": 2516,
    "y": 5115,
    "z": 0,
    "direction": "N",
    "walkRange": 3
  },
  {
    "name": "TzHaar-Xil",
    "id": 2172,
    "x": 2514,
    "y": 5115,
    "z": 0,
    "direction": "N",
    "walkRange": 3
  },
  {
    "name": "TzHaar-Ket",
    "id": 2178,
    "x": 2515,
    "y": 5081,
    "z": 0,
    "direction": "S",
    "walkRange": 3
  },
  {
    "name": "TzHaar-Ket",
    "id": 7679,
    "x": 2517,
    "y": 5079,
    "z": 0,
    "direction": "E",
    "walkRange": 3
  },
  {
    "name": "TzHaar-Hur",
    "id": 7684,
    "x": 2515,
    "y": 5117,
    "z": 0,
    "direction": "N",
    "walkRange": 3
  },
  {
    "name": "TzHaar-Ket",
    "id": 2174,
    "x": 2520,
    "y": 5119,
    "z": 0,
    "direction": "N",
    "walkRange": 3
  },
  {
    "name": "TzHaar-Ket",
    "id": 7679,
    "x": 2518,
    "y": 5119,
    "z": 0,
    "direction": "S",
    "walkRange": 3
  },
  {
    "name": "TzHaar-Xil",
    "id": 2171,
    "x": 2520,
    "y": 5086,
    "z": 0,
    "direction": "E",
    "walkRange": 3
  },
  {
    "name": "TzHaar-Ket",
    "id": 7679,
    "x": 2522,
    "y": 5084,
    "z": 0,
    "direction": "E",
    "walkRange": 3
  },
  {
    "name": "TzHaar-Hur-Rin",
    "id": 7689,
    "x": 2523,
    "y": 5074,
    "z": 0,
    "direction": "W",
    "walkRange": 3,
    "shopOptions": {
      "trade": "e9637286-b832-448b-a83b-3c98e19da307"
    }
  },
  {
    "name": "TzHaar-Hur",
    "id": 7685,
    "x": 2525,
    "y": 5090,
    "z": 0,
    "direction": "N",
    "walkRange": 3
  },
  {
    "name": "TzHaar-Hur",
    "id": 7685,
    "x": 2527,
    "y": 5095,
    "z": 0,
    "direction": "S",
    "walkRange": 3
  },
  {
    "name": "TzHaar-Ket",
    "id": 7679,
    "x": 2528,
    "y": 5087,
    "z": 0,
    "direction": "W",
    "walkRange": 3
  },
  {
    "name": "TzHaar-Ket",
    "id": 2178,
    "x": 2526,
    "y": 5089,
    "z": 0,
    "direction": "E",
    "walkRange": 3
  },
  {
    "name": "TzHaar-Xil",
    "id": 2168,
    "x": 2528,
    "y": 5099,
    "z": 0,
    "direction": "S",
    "walkRange": 3
  },
  {
    "name": "TzHaar-Xil",
    "id": 2169,
    "x": 2524,
    "y": 5093,
    "z": 0,
    "direction": "W",
    "walkRange": 3
  },
  {
    "name": "TzHaar-Hur",
    "id": 7686,
    "x": 2532,
    "y": 5100,
    "z": 0,
    "direction": "E",
    "walkRange": 3
  },
  {
    "name": "TzHaar-Ket",
    "id": 7679,
    "x": 2530,
    "y": 5103,
    "z": 0,
    "direction": "S",
    "walkRange": 3
  },
  {
    "name": "TzHaar-Xil",
    "id": 2168,
    "x": 2476,
    "y": 5127,
    "z": 0,
    "direction": "N",
    "walkRange": 3
  },
  {
    "name": "TzHaar-Ket",
    "id": 7679,
    "x": 2469,
    "y": 5124,
    "z": 0,
    "direction": "W",
    "walkRange": 3
  },
  {
    "name": "TzHaar-Hur",
    "id": 7685,
    "x": 2532,
    "y": 5093,
    "z": 0,
    "direction": "E",
    "walkRange": 3
  },
  {
    "name": "TzHaar-Xil",
    "id": 2171,
    "x": 2531,
    "y": 5097,
    "z": 0,
    "direction": "N",
    "walkRange": 3
  },
  {
    "name": "TzHaar-Xil",
    "id": 2171,
    "x": 2472,
    "y": 5127,
    "z": 0,
    "direction": "E",
    "walkRange": 3
  },
  {
    "name": "TzHaar-Xil",
    "id": 2168,
    "x": 2533,
    "y": 5107,
    "z": 0,
    "direction": "W",
    "walkRange": 3
  },
  {
    "name": "TzHaar-Ket",
    "id": 7679,
    "x": 2533,
    "y": 5110,
    "z": 0,
    "direction": "N",
    "walkRange": 3
  },
  {
    "name": "TzHaar-Hur",
    "id": 7685,
    "x": 2529,
    "y": 5094,
    "z": 0,
    "direction": "N",
    "walkRange": 3
  },
  {
    "name": "TzHaar-Hur",
    "id": 7686,
    "x": 2536,
    "y": 5103,
    "z": 0,
    "direction": "E",
    "walkRange": 3
  },
  {
    "name": "TzHaar-Mej",
    "id": 2159,
    "x": 2476,
    "y": 5133,
    "z": 0,
    "direction": "N",
    "walkRange": 3
  },
  {
    "name": "TzHaar-Ket",
    "id": 2175,
    "x": 2532,
    "y": 5103,
    "z": 0,
    "direction": "N",
    "walkRange": 3
  },
  {
    "name": "TzHaar-Ket",
    "id": 2178,
    "x": 2533,
    "y": 5115,
    "z": 0,
    "direction": "W",
    "walkRange": 3
  },
  {
    "name": "TzHaar-Ket",
    "id": 7679,
    "x": 2476,
    "y": 5123,
    "z": 0,
    "direction": "W",
    "walkRange": 3
  },
  {
    "name": "TzHaar-Hur",
    "id": 7687,
    "x": 2534,
    "y": 5094,
    "z": 0,
    "direction": "E",
    "walkRange": 3
  },
  {
    "name": "TzHaar-Ket",
    "id": 7679,
    "x": 2538,
    "y": 5102,
    "z": 0,
    "direction": "W",
    "walkRange": 3
  },
  {
    "name": "TzHaar-Ket",
    "id": 2176,
    "x": 2534,
    "y": 5103,
    "z": 0,
    "direction": "E",
    "walkRange": 3
  },
  {
    "name": "TzHaar-Ket",
    "id": 7679,
    "x": 2475,
    "y": 5133,
    "z": 0,
    "direction": "E",
    "walkRange": 3
  },
  {
    "name": "TzHaar-Ket",
    "id": 7679,
    "x": 2475,
    "y": 5130,
    "z": 0,
    "direction": "S",
    "walkRange": 3
  },
  {
    "name": "TzHaar-Ket",
    "id": 2176,
    "x": 2536,
    "y": 5111,
    "z": 0,
    "direction": "S",
    "walkRange": 3
  },
  {
    "name": "TzHaar-Ket",
    "id": 7679,
    "x": 2539,
    "y": 5110,
    "z": 0,
    "direction": "N",
    "walkRange": 3
  },
  {
    "name": "TzHaar-Ket",
    "id": 7679,
    "x": 2479,
    "y": 5133,
    "z": 0,
    "direction": "W",
    "walkRange": 3
  },
  {
    "name": "TzHaar-Ket",
    "id": 2175,
    "x": 2545,
    "y": 5110,
    "z": 0,
    "direction": "E",
    "walkRange": 3
  },
  {
    "name": "TzHaar-Hur",
    "id": 7683,
    "x": 2540,
    "y": 5115,
    "z": 0,
    "direction": "N",
    "walkRange": 3
  },
  {
    "name": "TzHaar-Xil",
    "id": 2168,
    "x": 2476,
    "y": 5131,
    "z": 0,
    "direction": "N",
    "walkRange": 3
  },
  {
    "name": "TzHaar-Xil",
    "id": 2167,
    "x": 2481,
    "y": 5136,
    "z": 0,
    "direction": "N",
    "walkRange": 3
  },
  {
    "name": "TzHaar-Ket",
    "id": 7679,
    "x": 2484,
    "y": 5132,
    "z": 0,
    "direction": "E",
    "walkRange": 3
  },
  {
    "name": "TzHaar-Hur",
    "id": 2162,
    "x": 2482,
    "y": 5133,
    "z": 0,
    "direction": "W",
    "walkRange": 3
  },
  {
    "name": "TzHaar-Hur",
    "id": 2161,
    "x": 2483,
    "y": 5135,
    "z": 0,
    "direction": "S",
    "walkRange": 3
  },
  {
    "name": "TzHaar-Ket",
    "id": 2174,
    "x": 2485,
    "y": 5141,
    "z": 0,
    "direction": "S",
    "walkRange": 3
  },
  {
    "name": "TzHaar-Ket",
    "id": 7679,
    "x": 2489,
    "y": 5141,
    "z": 0,
    "direction": "S",
    "walkRange": 3
  },
  {
    "name": "TzHaar-Ket",
    "id": 7679,
    "x": 2488,
    "y": 5144,
    "z": 0,
    "direction": "N",
    "walkRange": 3
  },
  {
    "name": "TzHaar-Xil",
    "id": 2170,
    "x": 2490,
    "y": 5177,
    "z": 0,
    "direction": "N",
    "walkRange": 3
  },
  {
    "name": "TzHaar-Ket",
    "id": 2178,
    "x": 2491,
    "y": 5173,
    "z": 0,
    "direction": "W",
    "walkRange": 3
  },
  {
    "name": "TzHaar-Xil",
    "id": 2170,
    "x": 2490,
    "y": 5142,
    "z": 0,
    "direction": "N",
    "walkRange": 3
  },
  {
    "name": "TzHaar-Ket",
    "id": 7679,
    "x": 2490,
    "y": 5140,
    "z": 0,
    "direction": "S",
    "walkRange": 3
  },
  {
    "name": "TzHaar-Ket",
    "id": 2177,
    "x": 2496,
    "y": 5143,
    "z": 0,
    "direction": "E",
    "walkRange": 3
  },
  {
    "name": "TzHaar-Mej",
    "id": 2157,
    "x": 2500,
    "y": 5139,
    "z": 0,
    "direction": "N",
    "walkRange": 3
  },
  {
    "name": "TzHaar-Ket",
    "id": 7679,
    "x": 2496,
    "y": 5146,
    "z": 0,
    "direction": "N",
    "walkRange": 3
  },
  {
    "name": "TzHaar-Xil",
    "id": 2168,
    "x": 2495,
    "y": 5158,
    "z": 0,
    "direction": "W",
    "walkRange": 3
  },
  {
    "name": "TzHaar-Xil",
    "id": 2168,
    "x": 2497,
    "y": 5171,
    "z": 0,
    "direction": "W",
    "walkRange": 3
  },
  {
    "name": "TzHaar-Ket",
    "id": 2178,
    "x": 2502,
    "y": 5142,
    "z": 0,
    "direction": "N",
    "walkRange": 3
  },
  {
    "name": "TzHaar-Hur",
    "id": 7684,
    "x": 2501,
    "y": 5173,
    "z": 0,
    "direction": "N",
    "walkRange": 3
  },
  {
    "name": "TzHaar-Mej",
    "id": 2157,
    "x": 2503,
    "y": 5137,
    "z": 0,
    "direction": "S",
    "walkRange": 3
  },
  {
    "name": "TzHaar-Hur",
    "id": 7686,
    "x": 2504,
    "y": 5143,
    "z": 0,
    "direction": "E",
    "walkRange": 3
  },
  {
    "name": "TzHaar-Hur",
    "id": 7684,
    "x": 2506,
    "y": 5161,
    "z": 0,
    "direction": "N",
    "walkRange": 3
  },
  {
    "name": "TzHaar-Mej",
    "id": 2158,
    "x": 2507,
    "y": 5136,
    "z": 0,
    "direction": "W",
    "walkRange": 3
  },
  {
    "name": "TzHaar-Ket",
    "id": 7679,
    "x": 2509,
    "y": 5136,
    "z": 0,
    "direction": "N",
    "walkRange": 3
  },
  {
    "name": "TzHaar-Ket",
    "id": 7679,
    "x": 2507,
    "y": 5138,
    "z": 0,
    "direction": "E",
    "walkRange": 3
  },
  {
    "name": "TzHaar-Xil",
    "id": 2172,
    "x": 2505,
    "y": 5133,
    "z": 0,
    "direction": "E",
    "walkRange": 3
  },
  {
    "name": "TzHaar-Ket",
    "id": 2173,
    "x": 2508,
    "y": 5170,
    "z": 0,
    "direction": "N",
    "walkRange": 3
  },
  {
    "name": "TzHaar-Hur",
    "id": 7684,
    "x": 2506,
    "y": 5139,
    "z": 0,
    "direction": "N",
    "walkRange": 3
  },
  {
    "name": "TzHaar-Xil",
    "id": 2167,
    "x": 2512,
    "y": 5136,
    "z": 0,
    "direction": "E",
    "walkRange": 3
  },
  {
    "name": "TzHaar-Xil",
    "id": 2168,
    "x": 2505,
    "y": 5158,
    "z": 0,
    "direction": "S",
    "walkRange": 3
  },
  {
    "name": "TzHaar-Hur",
    "id": 7686,
    "x": 2511,
    "y": 5132,
    "z": 0,
    "direction": "N",
    "walkRange": 3
  },
  {
    "name": "TzHaar-Xil",
    "id": 2171,
    "x": 2506,
    "y": 5132,
    "z": 0,
    "direction": "S",
    "walkRange": 3
  },
  {
    "name": "TzHaar-Ket",
    "id": 2178,
    "x": 2509,
    "y": 5138,
    "z": 0,
    "direction": "E",
    "walkRange": 3
  },
  {
    "name": "TzHaar-Ket",
    "id": 7679,
    "x": 2517,
    "y": 5132,
    "z": 0,
    "direction": "N",
    "walkRange": 3
  },
  {
    "name": "TzHaar-Ket",
    "id": 2175,
    "x": 2509,
    "y": 5135,
    "z": 0,
    "direction": "W",
    "walkRange": 3
  },
  {
    "name": "TzHaar-Ket",
    "id": 7679,
    "x": 2514,
    "y": 5161,
    "z": 0,
    "direction": "N",
    "walkRange": 3
  },
  {
    "name": "TzHaar-Ket",
    "id": 7679,
    "x": 2517,
    "y": 5123,
    "z": 0,
    "direction": "S",
    "walkRange": 3
  },
  {
    "name": "TzHaar-Ket",
    "id": 7679,
    "x": 2519,
    "y": 5130,
    "z": 0,
    "direction": "N",
    "walkRange": 3
  },
  {
    "name": "TzHaar-Ket",
    "id": 2178,
    "x": 2518,
    "y": 5129,
    "z": 0,
    "direction": "E",
    "walkRange": 3
  },
  {
    "name": "TzHaar-Hur",
    "id": 7687,
    "x": 2515,
    "y": 5132,
    "z": 0,
    "direction": "N",
    "walkRange": 3
  },
  {
    "name": "TzHaar-Mej",
    "id": 2156,
    "x": 2513,
    "y": 5130,
    "z": 0,
    "direction": "W",
    "walkRange": 3
  },
  {
    "name": "TzHaar-Ket",
    "id": 2174,
    "x": 2520,
    "y": 5160,
    "z": 0,
    "direction": "N",
    "walkRange": 3
  },
  {
    "name": "TzHaar-Xil",
    "id": 2168,
    "x": 2515,
    "y": 5161,
    "z": 0,
    "direction": "E",
    "walkRange": 3
  },
  {
    "name": "TzHaar-Xil",
    "id": 2172,
    "x": 2523,
    "y": 5122,
    "z": 0,
    "direction": "E",
    "walkRange": 3
  },
  {
    "name": "TzHaar-Ket",
    "id": 2179,
    "x": 2523,
    "y": 5130,
    "z": 0,
    "direction": "S",
    "walkRange": 3
  },
  {
    "name": "TzHaar-Hur",
    "id": 7684,
    "x": 2518,
    "y": 5133,
    "z": 0,
    "direction": "N",
    "walkRange": 3
  },
  {
    "name": "TzHaar-Mej",
    "id": 2159,
    "x": 2521,
    "y": 5118,
    "z": 0,
    "direction": "N",
    "walkRange": 3
  },
  {
    "name": "TzHaar-Ket",
    "id": 7679,
    "x": 2519,
    "y": 5129,
    "z": 0,
    "direction": "W",
    "walkRange": 3
  },
  {
    "name": "TzHaar-Xil",
    "id": 2169,
    "x": 2518,
    "y": 5159,
    "z": 0,
    "direction": "S",
    "walkRange": 3
  },
  {
    "name": "TzHaar-Ket",
    "id": 2174,
    "x": 2525,
    "y": 5132,
    "z": 0,
    "direction": "S",
    "walkRange": 3
  },
  {
    "name": "TzHaar-Xil",
    "id": 2172,
    "x": 2523,
    "y": 5144,
    "z": 0,
    "direction": "W",
    "walkRange": 3
  },
  {
    "name": "TzHaar-Ket",
    "id": 7679,
    "x": 2521,
    "y": 5153,
    "z": 0,
    "direction": "E",
    "walkRange": 3
  },
  {
    "name": "TzHaar-Xil",
    "id": 2168,
    "x": 2521,
    "y": 5159,
    "z": 0,
    "direction": "W",
    "walkRange": 3
  },
  {
    "name": "TzHaar-Ket",
    "id": 7679,
    "x": 2525,
    "y": 5148,
    "z": 0,
    "direction": "W",
    "walkRange": 3
  },
  {
    "name": "TzHaar-Hur",
    "id": 7686,
    "x": 2523,
    "y": 5127,
    "z": 0,
    "direction": "N",
    "walkRange": 3
  },
  {
    "name": "TzHaar-Ket",
    "id": 2175,
    "x": 2522,
    "y": 5153,
    "z": 0,
    "direction": "W",
    "walkRange": 3
  },
  {
    "name": "TzHaar-Ket",
    "id": 2176,
    "x": 2522,
    "y": 5143,
    "z": 0,
    "direction": "S",
    "walkRange": 3
  },
  {
    "name": "TzHaar-Hur",
    "id": 7682,
    "x": 2525,
    "y": 5145,
    "z": 0,
    "direction": "E",
    "walkRange": 3
  },
  {
    "name": "TzHaar-Xil",
    "id": 2168,
    "x": 2525,
    "y": 5134,
    "z": 0,
    "direction": "E",
    "walkRange": 3
  },
  {
    "name": "TzHaar-Ket",
    "id": 7679,
    "x": 2528,
    "y": 5136,
    "z": 0,
    "direction": "E",
    "walkRange": 3
  },
  {
    "name": "TzHaar-Mej",
    "id": 2156,
    "x": 2529,
    "y": 5143,
    "z": 0,
    "direction": "S",
    "walkRange": 3
  },
  {
    "name": "TzHaar-Xil",
    "id": 2172,
    "x": 2532,
    "y": 5139,
    "z": 0,
    "direction": "N",
    "walkRange": 3
  },
  {
    "name": "TzHaar-Hur",
    "id": 7683,
    "x": 2528,
    "y": 5130,
    "z": 0,
    "direction": "E",
    "walkRange": 3
  },
  {
    "name": "TzHaar-Ket",
    "id": 7679,
    "x": 2535,
    "y": 5138,
    "z": 0,
    "direction": "S",
    "walkRange": 3
  },
  {
    "name": "TzHaar-Xil",
    "id": 2170,
    "x": 2531,
    "y": 5140,
    "z": 0,
    "direction": "N",
    "walkRange": 3
  },
  {
    "name": "TzHaar-Mej",
    "id": 2155,
    "x": 2540,
    "y": 5125,
    "z": 0,
    "direction": "W",
    "walkRange": 3
  },
  {
    "name": "TzHaar-Xil",
    "id": 2168,
    "x": 2533,
    "y": 5129,
    "z": 0,
    "direction": "E",
    "walkRange": 3
  },
  {
    "name": "TzHaar-Ket",
    "id": 7679,
    "x": 2537,
    "y": 5128,
    "z": 0,
    "direction": "S",
    "walkRange": 3
  },
  {
    "name": "TzHaar-Ket",
    "id": 2177,
    "x": 2542,
    "y": 5120,
    "z": 0,
    "direction": "N",
    "walkRange": 3
  },
  {
    "name": "TzHaar-Xil",
    "id": 2171,
    "x": 2545,
    "y": 5129,
    "z": 0,
    "direction": "W",
    "walkRange": 3
  },
  {
    "name": "TzHaar-Ket-Yil",
    "id": 7678,
    "x": 2544,
    "y": 5139,
    "z": 0,
    "direction": "N",
    "walkRange": 3
  },
  {
    "name": "TzHaar-Xil",
    "id": 2169,
    "x": 2547,
    "y": 5132,
    "z": 0,
    "direction": "E",
    "walkRange": 3
  },
  {
    "name": "TzHaar-Mej-Dir",
    "id": 7680,
    "x": 2550,
    "y": 5125,
    "z": 0,
    "direction": "S",
    "walkRange": 3
  },
  {
    "name": "TzHaar-Ket-Keh",
    "id": 7690,
    "x": 2495,
    "y": 5114,
    "z": 0,
    "direction": "S",
    "walkRange": 0
  }
]