[
  {
    "name": "Squire (Novice)",
    "id": 1771,
    "x": 2657,
    "y": 2637,
    "z": 0,
    "direction": "N",
    "walkRange": 0
  },
  {
    "name": "Squire (Intermediate)",
    "id": 1772,
    "x": 2644,
    "y": 2641,
    "z": 0,
    "direction": "N",
    "walkRange": 0
  },
  {
    "name": "Squire (Veteran)",
    "id": 1773,
    "x": 2638,
    "y": 2656,
    "z": 0,
    "direction": "S",
    "walkRange": 0
  },
  {
    "name": "Void Knight",
    "id": 1755,
    "x": 2659,
    "y": 2649,
    "z": 0,
    "direction": "S",
    "walkRange": 3,
    "shopOptions": {
      "Exchange": "c0d4952f-03c0-4dd7-a836-1c6592cfef2e"
    }
  },
  {
    "name": "Squire",
    "id": 1769,
    "x": 2658,
    "y": 2675,
    "z": 0,
    "direction": "S",
    "walkRange": 2
  }
]