[
  {
    "name": "Chinchompa",
    "id": 2910,
    "x": 2339,
    "y": 3591,
    "z": 0,
    "direction": "S",
    "walkRange": 5
  },
  {
    "name": "Chinchompa",
    "id": 2910,
    "x": 2344,
    "y": 3591,
    "z": 0,
    "direction": "S",
    "walkRange": 5
  },
  {
    "name": "Chinchompa",
    "id": 2910,
    "x": 2349,
    "y": 3591,
    "z": 0,
    "direction": "S",
    "walkRange": 5
  },
  {
    "name": "Chinchompa",
    "id": 2910,
    "x": 2340,
    "y": 3594,
    "z": 0,
    "direction": "S",
    "walkRange": 5
  },
  {
    "name": "Chinchompa",
    "id": 2910,
    "x": 2340,
    "y": 3598,
    "z": 0,
    "direction": "S",
    "walkRange": 5
  },
  {
    "name": "Chinchompa",
    "id": 2910,
    "x": 2344,
    "y": 3595,
    "z": 0,
    "direction": "S",
    "walkRange": 5
  },
  {
    "name": "Chinchompa",
    "id": 2910,
    "x": 2344,
    "y": 3599,
    "z": 0,
    "direction": "S",
    "walkRange": 5
  },
  {
    "name": "Copper longtail",
    "id": 5552,
    "x": 2344,
    "y": 3591,
    "z": 0,
    "direction": "S",
    "walkRange": 5
  },
  {
    "name": "Copper longtail",
    "id": 5552,
    "x": 2340,
    "y": 3594,
    "z": 0,
    "direction": "S",
    "walkRange": 5
  },
  {
    "name": "Copper longtail",
    "id": 5552,
    "x": 2346,
    "y": 3595,
    "z": 0,
    "direction": "S",
    "walkRange": 5
  },
  {
    "name": "Copper longtail",
    "id": 5552,
    "x": 2341,
    "y": 3600,
    "z": 0,
    "direction": "S",
    "walkRange": 5
  },
  {
    "name": "Copper longtail",
    "id": 5552,
    "x": 2346,
    "y": 3607,
    "z": 0,
    "direction": "S",
    "walkRange": 5
  },
  {
    "name": "Copper longtail",
    "id": 5552,
    "x": 2343,
    "y": 3611,
    "z": 0,
    "direction": "S",
    "walkRange": 5
  },
  {
    "name": "Copper longtail",
    "id": 5552,
    "x": 2347,
    "y": 3614,
    "z": 0,
    "direction": "S",
    "walkRange": 5
  },
  {
    "name": "Copper longtail",
    "id": 5552,
    "x": 2352,
    "y": 3610,
    "z": 0,
    "direction": "S",
    "walkRange": 5
  },
  {
    "name": "Copper longtail",
    "id": 5552,
    "x": 2345,
    "y": 3618,
    "z": 0,
    "direction": "S",
    "walkRange": 5
  },
  {
    "name": "Copper longtail",
    "id": 5552,
    "x": 2351,
    "y": 3582,
    "z": 0,
    "direction": "S",
    "walkRange": 5
  },
  {
    "name": "Copper longtail",
    "id": 5552,
    "x": 2351,
    "y": 3582,
    "z": 0,
    "direction": "S",
    "walkRange": 5
  },
  {
    "name": "Copper longtail",
    "id": 5552,
    "x": 2346,
    "y": 3584,
    "z": 0,
    "direction": "S",
    "walkRange": 5
  },
  {
    "name": "Copper longtail",
    "id": 5552,
    "x": 2354,
    "y": 3585,
    "z": 0,
    "direction": "S",
    "walkRange": 5
  },
  {
    "name": "Copper longtail",
    "id": 5552,
    "x": 2350,
    "y": 3588,
    "z": 0,
    "direction": "S",
    "walkRange": 5
  },
  {
    "name": "Copper longtail",
    "id": 5552,
    "x": 2356,
    "y": 3575,
    "z": 0,
    "direction": "S",
    "walkRange": 5
  },
  {
    "name": "Copper longtail",
    "id": 5552,
    "x": 2357,
    "y": 3581,
    "z": 0,
    "direction": "S",
    "walkRange": 5
  },
  {
    "name": "Copper longtail",
    "id": 5552,
    "x": 2361,
    "y": 3584,
    "z": 0,
    "direction": "S",
    "walkRange": 5
  },
  {
    "name": "Copper longtail",
    "id": 5552,
    "x": 2361,
    "y": 3573,
    "z": 0,
    "direction": "S",
    "walkRange": 5
  }
]