[
  {
    "name": "Ranging Guild Doorman",
    "id": 6057,
    "x": 2657,
    "y": 3439,
    "z": 0,
    "direction": "S",
    "walkRange": 1
  },
  {
    "name": "Sheep",
    "id": 2693,
    "x": 2654,
    "y": 3440,
    "z": 0,
    "direction": "S",
    "walkRange": 2
  },
  {
    "name": "Sheep",
    "id": 2693,
    "x": 2651,
    "y": 3442,
    "z": 0,
    "direction": "S",
    "walkRange": 2
  },
  {
    "name": "Sheep",
    "id": 2692,
    "x": 2646,
    "y": 3442,
    "z": 0,
    "direction": "S",
    "walkRange": 2
  },
  {
    "name": "Sheep",
    "id": 2692,
    "x": 2650,
    "y": 3439,
    "z": 0,
    "direction": "S",
    "walkRange": 2
  },
  {
    "name": "Guard",
    "id": 6056,
    "x": 2660,
    "y": 3437,
    "z": 0,
    "direction": "S",
    "walkRange": 1
  },
  {
    "name": "Ticket Merchant",
    "id": 6071,
    "x": 2658,
    "y": 3429,
    "z": 0,
    "direction": "S",
    "walkRange": 1
  },
  {
    "name": "Ticket Merchant",
    "id": 6071,
    "x": 2660,
    "y": 3431,
    "z": 0,
    "direction": "S",
    "walkRange": 2
  },
  {
    "name": "Leatherworker",
    "id": 6058,
    "x": 2678,
    "y": 3435,
    "z": 0,
    "direction": "S",
    "walkRange": 1
  },
  {
    "name": "Guard",
    "id": 6056,
    "x": 2665,
    "y": 3415,
    "z": 0,
    "direction": "S",
    "walkRange": 1
  },
  {
    "name": "Guard",
    "id": 6056,
    "x": 2668,
    "y": 3416,
    "z": 0,
    "direction": "S",
    "walkRange": 1
  },
  {
    "name": "Guard",
    "id": 6056,
    "x": 2664,
    "y": 3425,
    "z": 0,
    "direction": "S",
    "walkRange": 2
  },
  {
    "name": "Guard",
    "id": 6056,
    "x": 2656,
    "y": 3425,
    "z": 0,
    "direction": "S",
    "walkRange": 2
  },
  {
    "name": "Guard",
    "id": 6056,
    "x": 2655,
    "y": 3429,
    "z": 0,
    "direction": "S",
    "walkRange": 2
  },
  {
    "name": "Guard",
    "id": 6056,
    "x": 2668,
    "y": 3440,
    "z": 0,
    "direction": "S",
    "walkRange": 2
  },
  {
    "name": "Guard",
    "id": 6056,
    "x": 2671,
    "y": 3440,
    "z": 0,
    "direction": "S",
    "walkRange": 2
  },
  {
    "name": "Guard",
    "id": 6056,
    "x": 2671,
    "y": 3440,
    "z": 0,
    "direction": "S",
    "walkRange": 2
  },
  {
    "name": "Guard",
    "id": 6056,
    "x": 2681,
    "y": 3431,
    "z": 0,
    "direction": "S",
    "walkRange": 2
  },
  {
    "name": "Guard",
    "id": 6056,
    "x": 2675,
    "y": 3429,
    "z": 0,
    "direction": "S",
    "walkRange": 2
  },
  {
    "name": "Competition Judge",
    "id": 6070,
    "x": 2670,
    "y": 3417,
    "z": 0,
    "direction": "S",
    "walkRange": 1
  },
  {
    "name": "Bow and Arrow salesman",
    "id": 6060,
    "x": 2673,
    "y": 3434,
    "z": 0,
    "direction": "S",
    "walkRange": 1
  },
  {
    "name": "Armour salesman",
    "id": 6059,
    "x": 2668,
    "y": 3434,
    "z": 0,
    "direction": "S",
    "walkRange": 2
  },
  {
    "name": "Tribal Weapon Salesman",
    "id": 6069,
    "x": 2663,
    "y": 3420,
    "z": 0,
    "direction": "S",
    "walkRange": 1
  },
  {
    "name": "Tower Advisor",
    "id": 6061,
    "x": 2667,
    "y": 3430,
    "z": 2,
    "direction": "S",
    "walkRange": 0
  },
  {
    "name": "Tower Advisor",
    "id": 6062,
    "x": 2670,
    "y": 3429,
    "z": 2,
    "direction": "S",
    "walkRange": 0
  },
  {
    "name": "Tower Advisor",
    "id": 6063,
    "x": 2669,
    "y": 3426,
    "z": 2,
    "direction": "S",
    "walkRange": 0
  },
  {
    "name": "Tower Advisor",
    "id": 6064,
    "x": 2666,
    "y": 3427,
    "z": 2,
    "direction": "S",
    "walkRange": 0
  }
]