[
  {
    "name": "null",
    "id": 740,
    "x": 2888,
    "y": 3676,
    "z": 0,
    "direction": "E",
    "walkRange": 0
  },
  {
    "name": "null",
    "id": 740,
    "x": 2830,
    "y": 3678,
    "z": 0,
    "direction": "E",
    "walkRange": 0
  },
  {
    "name": "Tool Leprechaun",
    "id": 757,
    "x": 2826,
    "y": 3685,
    "z": 0,
    "direction": "S",
    "walkRange": 0,
    "shopOptions": {
      "trade": "25a27451-f6f4-4d6d-972c-de717e78df99"
    }
  },
  {
    "name": "Soldier",
    "id": 4092,
    "x": 2840,
    "y": 3589,
    "z": 0,
    "direction": "W",
    "walkRange": 3
  },
  {
    "name": "Thrower Troll",
    "id": 935,
    "x": 2851,
    "y": 3598,
    "z": 0,
    "direction": "N",
    "walkRange": 3
  },
  {
    "name": "Mountain troll",
    "id": 936,
    "x": 2850,
    "y": 3593,
    "z": 0,
    "direction": "E",
    "walkRange": 3
  },
  {
    "name": "Thrower Troll",
    "id": 931,
    "x": 2854,
    "y": 3600,
    "z": 0,
    "direction": "N",
    "walkRange": 3
  },
  {
    "name": "Rock",
    "id": 925,
    "x": 2854,
    "y": 3591,
    "z": 0,
    "direction": "S",
    "walkRange": 3
  },
  {
    "name": "Stick",
    "id": 926,
    "x": 2858,
    "y": 3591,
    "z": 0,
    "direction": "W",
    "walkRange": 3
  },
  {
    "name": "Mountain troll",
    "id": 938,
    "x": 2857,
    "y": 3587,
    "z": 0,
    "direction": "W",
    "walkRange": 3
  },
  {
    "name": "Thrower Troll",
    "id": 932,
    "x": 2859,
    "y": 3600,
    "z": 0,
    "direction": "N",
    "walkRange": 3
  },
  {
    "name": "Dung",
    "id": 929,
    "x": 2862,
    "y": 3588,
    "z": 0,
    "direction": "W",
    "walkRange": 3
  },
  {
    "name": "Mountain troll",
    "id": 936,
    "x": 2862,
    "y": 3592,
    "z": 0,
    "direction": "S",
    "walkRange": 3
  },
  {
    "name": "Thrower Troll",
    "id": 933,
    "x": 2863,
    "y": 3600,
    "z": 0,
    "direction": "N",
    "walkRange": 3
  },
  {
    "name": "Ash",
    "id": 930,
    "x": 2864,
    "y": 3588,
    "z": 0,
    "direction": "E",
    "walkRange": 3
  },
  {
    "name": "Mountain troll",
    "id": 937,
    "x": 2863,
    "y": 3596,
    "z": 0,
    "direction": "S",
    "walkRange": 3
  },
  {
    "name": "Mountain troll",
    "id": 938,
    "x": 2864,
    "y": 3597,
    "z": 0,
    "direction": "N",
    "walkRange": 3
  },
  {
    "name": "Mountain troll",
    "id": 939,
    "x": 2865,
    "y": 3593,
    "z": 0,
    "direction": "N",
    "walkRange": 3
  },
  {
    "name": "Mountain troll",
    "id": 940,
    "x": 2868,
    "y": 3596,
    "z": 0,
    "direction": "N",
    "walkRange": 3
  },
  {
    "name": "Thrower Troll",
    "id": 934,
    "x": 2867,
    "y": 3600,
    "z": 0,
    "direction": "N",
    "walkRange": 3
  },
  {
    "name": "Mountain troll",
    "id": 941,
    "x": 2871,
    "y": 3595,
    "z": 0,
    "direction": "E",
    "walkRange": 3
  },
  {
    "name": "Mountain troll",
    "id": 942,
    "x": 2867,
    "y": 3593,
    "z": 0,
    "direction": "W",
    "walkRange": 3
  },
  {
    "name": "Thrower Troll",
    "id": 935,
    "x": 2870,
    "y": 3596,
    "z": 0,
    "direction": "S",
    "walkRange": 3
  },
  {
    "name": "Mountain troll",
    "id": 936,
    "x": 2866,
    "y": 3588,
    "z": 0,
    "direction": "S",
    "walkRange": 3
  },
  {
    "name": "Mountain troll",
    "id": 940,
    "x": 2871,
    "y": 3584,
    "z": 0,
    "direction": "N",
    "walkRange": 3
  },
  {
    "name": "Mountain troll",
    "id": 937,
    "x": 2874,
    "y": 3583,
    "z": 0,
    "direction": "E",
    "walkRange": 3
  },
  {
    "name": "Pee Hat",
    "id": 927,
    "x": 2872,
    "y": 3598,
    "z": 0,
    "direction": "N",
    "walkRange": 3
  },
  {
    "name": "Mountain troll",
    "id": 942,
    "x": 2873,
    "y": 3591,
    "z": 0,
    "direction": "E",
    "walkRange": 3
  },
  {
    "name": "Kraka",
    "id": 928,
    "x": 2875,
    "y": 3598,
    "z": 0,
    "direction": "N",
    "walkRange": 3
  },
  {
    "name": "Mountain troll",
    "id": 941,
    "x": 2873,
    "y": 3587,
    "z": 0,
    "direction": "N",
    "walkRange": 3
  },
  {
    "name": "Mountain troll",
    "id": 939,
    "x": 2875,
    "y": 3586,
    "z": 0,
    "direction": "N",
    "walkRange": 3
  }
]