[
  {
    "name": "Dark wizard",
    "id": 5086,
    "x": 3224,
    "y": 3372,
    "z": 0,
    "direction": "E",
    "walkRange": 3
  },
  {
    "name": "Dark wizard",
    "id": 5087,
    "x": 3225,
    "y": 3370,
    "z": 0,
    "direction": "E",
    "walkRange": 3
  },
  {
    "name": "Dark wizard",
    "id": 5088,
    "x": 3229,
    "y": 3371,
    "z": 0,
    "direction": "E",
    "walkRange": 3
  },
  {
    "name": "Dark wizard",
    "id": 5089,
    "x": 3229,
    "y": 3367,
    "z": 0,
    "direction": "E",
    "walkRange": 3
  },
  {
    "name": "Dark wizard",
    "id": 5086,
    "x": 3226,
    "y": 3367,
    "z": 0,
    "direction": "E",
    "walkRange": 3
  },
  {
    "name": "Dark wizard",
    "id": 5087,
    "x": 3224,
    "y": 3367,
    "z": 0,
    "direction": "E",
    "walkRange": 3
  },
  {
    "name": "Dark wizard",
    "id": 5088,
    "x": 3227,
    "y": 3372,
    "z": 0,
    "direction": "E",
    "walkRange": 3
  },
  {
    "name": "Dark wizard",
    "id": 5089,
    "x": 3231,
    "y": 3369,
    "z": 0,
    "direction": "E",
    "walkRange": 3
  },
  {
    "name": "Dark wizard",
    "id": 5088,
    "x": 3229,
    "y": 3365,
    "z": 0,
    "direction": "E",
    "walkRange": 2
  },
  {
    "name": "Master smithing tutor",
    "id": 3225,
    "x": 3188,
    "y": 3424,
    "z": 0,
    "direction": "S",
    "walkRange": 3
  },
  {
    "name": "Banker",
    "id": 2897,
    "x": 3187,
    "y": 3436,
    "z": 0,
    "direction": "W",
    "walkRange": 0
  },
  {
    "name": "Banker",
    "id": 2898,
    "x": 3187,
    "y": 3438,
    "z": 0,
    "direction": "W",
    "walkRange": 0
  },
  {
    "name": "Banker",
    "id": 2897,
    "x": 3187,
    "y": 3440,
    "z": 0,
    "direction": "W",
    "walkRange": 0
  },
  {
    "name": "Banker",
    "id": 2898,
    "x": 3187,
    "y": 3442,
    "z": 0,
    "direction": "W",
    "walkRange": 0
  },
  {
    "name": "Banker",
    "id": 2897,
    "x": 3187,
    "y": 3444,
    "z": 0,
    "direction": "W",
    "walkRange": 0
  },
  {
    "name": "Banker",
    "id": 2898,
    "x": 3187,
    "y": 3446,
    "z": 0,
    "direction": "W",
    "walkRange": 0
  },
  {
    "name": "null",
    "id": 5885,
    "x": 3170,
    "y": 3461,
    "z": 0,
    "direction": "S",
    "walkRange": 2
  },
  {
    "name": "Chicken",
    "id": 1174,
    "x": 3195,
    "y": 3404,
    "z": 0,
    "direction": "S",
    "walkRange": 2
  },
  {
    "name": "Guard",
    "id": 3011,
    "x": 3173,
    "y": 3430,
    "z": 0,
    "direction": "S",
    "walkRange": 3
  },
  {
    "name": "Guard",
    "id": 3010,
    "x": 3175,
    "y": 3429,
    "z": 0,
    "direction": "S",
    "walkRange": 3
  },
  {
    "name": "Guard",
    "id": 3010,
    "x": 3174,
    "y": 3426,
    "z": 0,
    "direction": "S",
    "walkRange": 3
  },
  {
    "name": "Shop keeper",
    "id": 2884,
    "x": 3205,
    "y": 3398,
    "z": 0,
    "direction": "S",
    "walkRange": 3
  },
  {
    "name": "Shop assistant",
    "id": 2885,
    "x": 3205,
    "y": 3400,
    "z": 0,
    "direction": "S",
    "walkRange": 3
  },
  {
    "name": "Shop assistant",
    "id": 2816,
    "x": 3217,
    "y": 3414,
    "z": 0,
    "direction": "S",
    "walkRange": 3
  },
  {
    "name": "Shop keeper",
    "id": 2815,
    "x": 3217,
    "y": 3416,
    "z": 0,
    "direction": "S",
    "walkRange": 3
  },
  {
    "name": "Romeo",
    "id": 5037,
    "x": 3211,
    "y": 3424,
    "z": 0,
    "direction": "S",
    "walkRange": 2
  },
  {
    "name": "Baraek",
    "id": 2881,
    "x": 3217,
    "y": 3435,
    "z": 0,
    "direction": "S",
    "walkRange": 2
  },
  {
    "name": "Shilop",
    "id": 3501,
    "x": 3221,
    "y": 3434,
    "z": 0,
    "direction": "S",
    "walkRange": 2
  },
  {
    "name": "Wilough",
    "id": 3503,
    "x": 3221,
    "y": 3435,
    "z": 0,
    "direction": "S",
    "walkRange": 2
  },
  {
    "name": "Toby",
    "id": 5525,
    "x": 3223,
    "y": 3428,
    "z": 0,
    "direction": "S",
    "walkRange": 1
  },
  {
    "name": "Horvik",
    "id": 2882,
    "x": 3229,
    "y": 3438,
    "z": 0,
    "direction": "S",
    "walkRange": 2
  },
  {
    "name": "Benny",
    "id": 5216,
    "x": 3219,
    "y": 3432,
    "z": 0,
    "direction": "S",
    "walkRange": 1
  },
  {
    "name": "Gypsy Aris",
    "id": 5082,
    "x": 3203,
    "y": 3424,
    "z": 0,
    "direction": "S",
    "walkRange": 1
  },
  {
    "name": "Zaff",
    "id": 2880,
    "x": 3202,
    "y": 3434,
    "z": 0,
    "direction": "S",
    "walkRange": 2
  },
  {
    "name": "Lowe",
    "id": 2883,
    "x": 3232,
    "y": 3424,
    "z": 0,
    "direction": "S",
    "walkRange": 2
  },
  {
    "name": "Aubury",
    "id": 2886,
    "x": 3253,
    "y": 3401,
    "z": 0,
    "direction": "S",
    "walkRange": 2
  },
  {
    "name": "Man",
    "id": 3079,
    "x": 3262,
    "y": 3402,
    "z": 0,
    "direction": "S",
    "walkRange": 5
  },
  {
    "name": "Guard",
    "id": 1147,
    "x": 3263,
    "y": 3407,
    "z": 0,
    "direction": "W",
    "walkRange": 0
  },
  {
    "name": "Sheep",
    "id": 1302,
    "x": 3271,
    "y": 3411,
    "z": 0,
    "direction": "NW",
    "walkRange": 0
  },
  {
    "name": "Banker",
    "id": 2897,
    "x": 3251,
    "y": 3418,
    "z": 0,
    "direction": "N",
    "walkRange": 0
  },
  {
    "name": "Banker",
    "id": 2897,
    "x": 3252,
    "y": 3418,
    "z": 0,
    "direction": "N",
    "walkRange": 0
  },
  {
    "name": "Banker",
    "id": 2897,
    "x": 3253,
    "y": 3418,
    "z": 0,
    "direction": "N",
    "walkRange": 0
  },
  {
    "name": "Banker",
    "id": 2898,
    "x": 3254,
    "y": 3418,
    "z": 0,
    "direction": "N",
    "walkRange": 0
  },
  {
    "name": "Banker",
    "id": 2898,
    "x": 3255,
    "y": 3418,
    "z": 0,
    "direction": "N",
    "walkRange": 0
  },
  {
    "name": "Banker",
    "id": 2898,
    "x": 3256,
    "y": 3418,
    "z": 0,
    "direction": "N",
    "walkRange": 0
  },
  {
    "name": "Town crier",
    "id": 276,
    "x": 3252,
    "y": 3428,
    "z": 0,
    "direction": "S",
    "walkRange": 1
  },
  {
    "name": "Cleaner",
    "id": 2901,
    "x": 3251,
    "y": 3428,
    "z": 0,
    "direction": "S",
    "walkRange": 2
  },
  {
    "name": "Guard",
    "id": 3010,
    "x": 3271,
    "y": 3428,
    "z": 0,
    "direction": "S",
    "walkRange": 2
  },
  {
    "name": "Guard",
    "id": 3010,
    "x": 3273,
    "y": 3430,
    "z": 0,
    "direction": "S",
    "walkRange": 2
  },
  {
    "name": "Guard",
    "id": 3011,
    "x": 3275,
    "y": 3427,
    "z": 0,
    "direction": "S",
    "walkRange": 2
  },
  {
    "name": "Museum guard",
    "id": 1912,
    "x": 3263,
    "y": 3441,
    "z": 0,
    "direction": "S",
    "walkRange": 0
  },
  {
    "name": "Tinse Torpe",
    "id": 1908,
    "x": 3267,
    "y": 3444,
    "z": 0,
    "direction": "N",
    "walkRange": 0
  },
  {
    "name": "Sinco Doar",
    "id": 1907,
    "x": 3266,
    "y": 3445,
    "z": 0,
    "direction": "S",
    "walkRange": 0
  },
  {
    "name": "Museum guard",
    "id": 1910,
    "x": 3260,
    "y": 3447,
    "z": 0,
    "direction": "E",
    "walkRange": 0
  },
  {
    "name": "Barnabus Hurma",
    "id": 1903,
    "x": 3253,
    "y": 3445,
    "z": 0,
    "direction": "S",
    "walkRange": 0
  },
  {
    "name": "Marius Giste",
    "id": 1904,
    "x": 3254,
    "y": 3444,
    "z": 0,
    "direction": "S",
    "walkRange": 0
  },
  {
    "name": "Caden Azro",
    "id": 1905,
    "x": 3256,
    "y": 3443,
    "z": 0,
    "direction": "S",
    "walkRange": 0
  },
  {
    "name": "Thias Leacke",
    "id": 1906,
    "x": 3257,
    "y": 3442,
    "z": 0,
    "direction": "S",
    "walkRange": 0
  },
  {
    "name": "Information clerk",
    "id": 1909,
    "x": 3253,
    "y": 3454,
    "z": 0,
    "direction": "S",
    "walkRange": 0
  },
  {
    "name": "Martina Scorsby",
    "id": 5041,
    "x": 3256,
    "y": 3481,
    "z": 0,
    "direction": "N",
    "walkRange": 0
  },
  {
    "name": "Jeremy Clerksin",
    "id": 5042,
    "x": 3253,
    "y": 3477,
    "z": 0,
    "direction": "N",
    "walkRange": 0
  },
  {
    "name": "Curator Haig Halen",
    "id": 5214,
    "x": 3257,
    "y": 3450,
    "z": 0,
    "direction": "S",
    "walkRange": 2
  },
  {
    "name": "Teacher and pupil",
    "id": 1922,
    "x": 3258,
    "y": 3451,
    "z": 0,
    "direction": "S",
    "walkRange": 2
  },
  {
    "name": "Schoolboy",
    "id": 1920,
    "x": 3259,
    "y": 3451,
    "z": 0,
    "direction": "S",
    "walkRange": 3
  },
  {
    "name": "Schoolgirl",
    "id": 1921,
    "x": 3260,
    "y": 3451,
    "z": 0,
    "direction": "S",
    "walkRange": 3
  },
  {
    "name": "Estate agent",
    "id": 3097,
    "x": 3240,
    "y": 3475,
    "z": 0,
    "direction": "S",
    "walkRange": 2
  },
  {
    "name": "Father Lawrence",
    "id": 5038,
    "x": 3255,
    "y": 3484,
    "z": 0,
    "direction": "S",
    "walkRange": 3
  },
  {
    "name": "Guard",
    "id": 3010,
    "x": 3241,
    "y": 3500,
    "z": 0,
    "direction": "S",
    "walkRange": 3
  },
  {
    "name": "Guard",
    "id": 3010,
    "x": 3245,
    "y": 3503,
    "z": 0,
    "direction": "S",
    "walkRange": 3
  },
  {
    "name": "Man",
    "id": 3080,
    "x": 3238,
    "y": 3406,
    "z": 0,
    "direction": "S",
    "walkRange": 3
  },
  {
    "name": "Scavvo",
    "id": 2871,
    "x": 3245,
    "y": 3394,
    "z": 0,
    "direction": "S",
    "walkRange": 2
  },
  {
    "name": "Thessalia",
    "id": 534,
    "x": 3205,
    "y": 3417,
    "z": 0,
    "direction": "S",
    "walkRange": 3
  },
  {
    "name": "Philop",
    "id": 3502,
    "x": 3150,
    "y": 3407,
    "z": 0,
    "direction": "S",
    "walkRange": 0
  },
  {
    "name": "null",
    "id": 3500,
    "x": 3151,
    "y": 3409,
    "z": 0,
    "direction": "S",
    "walkRange": 5
  },
  {
    "name": "Rat",
    "id": 2854,
    "x": 3158,
    "y": 3411,
    "z": 0,
    "direction": "S",
    "walkRange": 11
  },
  {
    "name": "Rat",
    "id": 2854,
    "x": 3150,
    "y": 3419,
    "z": 0,
    "direction": "S",
    "walkRange": 0
  },
  {
    "name": "Man",
    "id": 3078,
    "x": 3152,
    "y": 3429,
    "z": 0,
    "direction": "S",
    "walkRange": 2
  },
  {
    "name": "Draul Leptoc",
    "id": 5039,
    "x": 3161,
    "y": 3434,
    "z": 0,
    "direction": "S",
    "walkRange": 2
  },
  {
    "name": "Sigurd",
    "id": 1324,
    "x": 3113,
    "y": 3413,
    "z": 0,
    "direction": "S",
    "walkRange": 1
  },
  {
    "name": "Head chef",
    "id": 2658,
    "x": 3142,
    "y": 3445,
    "z": 0,
    "direction": "S",
    "walkRange": 2
  },
  {
    "name": "Banker",
    "id": 2897,
    "x": 3147,
    "y": 3448,
    "z": 0,
    "direction": "N",
    "walkRange": 0
  },
  {
    "name": "Banker",
    "id": 2898,
    "x": 3148,
    "y": 3448,
    "z": 0,
    "direction": "N",
    "walkRange": 0
  },
  {
    "name": "Ali the Leaflet Dropper",
    "id": 5956,
    "x": 3287,
    "y": 3328,
    "z": 0,
    "direction": "S",
    "walkRange": 1
  },
  {
    "name": "Sheep",
    "id": 2692,
    "x": 3238,
    "y": 3323,
    "z": 0,
    "direction": "S",
    "walkRange": 5
  },
  {
    "name": "Farmer",
    "id": 3087,
    "x": 3238,
    "y": 3308,
    "z": 0,
    "direction": "S",
    "walkRange": 5
  },
  {
    "name": "Farmer",
    "id": 3088,
    "x": 3258,
    "y": 3324,
    "z": 0,
    "direction": "S",
    "walkRange": 5
  },
  {
    "name": "Goblin",
    "id": 3073,
    "x": 3255,
    "y": 3338,
    "z": 0,
    "direction": "S",
    "walkRange": 2
  },
  {
    "name": "Rat Burgiss",
    "id": 4158,
    "x": 3267,
    "y": 3333,
    "z": 0,
    "direction": "S",
    "walkRange": 3
  },
  {
    "name": "Unicorn",
    "id": 2837,
    "x": 3276,
    "y": 3342,
    "z": 0,
    "direction": "S",
    "walkRange": 2
  },
  {
    "name": "Unicorn",
    "id": 2837,
    "x": 3281,
    "y": 3349,
    "z": 0,
    "direction": "S",
    "walkRange": 2
  },
  {
    "name": "Black bear",
    "id": 2839,
    "x": 3296,
    "y": 3347,
    "z": 0,
    "direction": "S",
    "walkRange": 2
  },
  {
    "name": "Tramp",
    "id": 381,
    "x": 3227,
    "y": 3410,
    "z": 0,
    "direction": "S",
    "walkRange": 3
  },
  {
    "name": "Mage of Zamorak",
    "id": 2582,
    "x": 3260,
    "y": 3384,
    "z": 0,
    "direction": "S",
    "walkRange": 2
  },
  {
    "name": "Sheep",
    "id": 1302,
    "x": 3271,
    "y": 3411,
    "z": 0,
    "direction": "S",
    "walkRange": 0
  },
  {
    "name": "Man",
    "id": 3078,
    "x": 3247,
    "y": 3400,
    "z": 0,
    "direction": "S",
    "walkRange": 2
  },
  {
    "name": "Man",
    "id": 3078,
    "x": 3237,
    "y": 3406,
    "z": 0,
    "direction": "S",
    "walkRange": 2
  },
  {
    "name": "Man",
    "id": 3078,
    "x": 3237,
    "y": 3399,
    "z": 0,
    "direction": "S",
    "walkRange": 2
  },
  {
    "name": "Treznor",
    "id": 2680,
    "x": 3226,
    "y": 3457,
    "z": 0,
    "direction": "S",
    "walkRange": 2
  },
  {
    "name": "Tool Leprechaun",
    "id": 0,
    "x": 3229,
    "y": 3455,
    "z": 0,
    "direction": "N",
    "walkRange": 0
  },
  {
    "name": "Thief",
    "id": 5217,
    "x": 3234,
    "y": 3393,
    "z": 0,
    "direction": "S",
    "walkRange": 2
  }
]