[
  {
    "name": "Elder Chaos druid",
    "id": 7995,
    "x": 2955,
    "y": 3817,
    "z": 0,
    "direction": "S",
    "walkRange": 1
  },
  {
    "name": "Mage of Zamorak",
    "id": 2581,
    "x": 3106,
    "y": 3559,
    "z": 0,
    "direction": "S",
    "walkRange": 3,
    "shopOptions": {
      "trade": "692511b8-9397-4f34-a546-ae89dcb7790b"
    }
  },
  {
    "name": "Runite Golem",
    "id": 6600,
    "x": 3191,
    "y": 3937,
    "z": 0,
    "direction": "S",
    "walkRange": 4
  },
  {
    "name": "Runite Golem",
    "id": 6600,
    "x": 3179,
    "y": 3937,
    "z": 0,
    "direction": "S",
    "walkRange": 4
  },
  {
    "name": "Piles",
    "id": 13,
    "x": 3186,
    "y": 3933,
    "z": 0,
    "direction": "S",
    "walkRange": 1
  },
  {
    "name": "Mandrith",
    "id": 6599,
    "x": 3183,
    "y": 3945,
    "z": 0,
    "direction": "N",
    "walkRange": 0
  },
  {
    "name": "Magic axe",
    "id": 2844,
    "x": 3193,
    "y": 3959,
    "z": 0,
    "direction": "S",
    "walkRange": 1
  },
  {
    "name": "Magic axe",
    "id": 2844,
    "x": 3191,
    "y": 3959,
    "z": 0,
    "direction": "S",
    "walkRange": 1
  },
  {
    "name": "Magic axe",
    "id": 2844,
    "x": 3189,
    "y": 3959,
    "z": 0,
    "direction": "S",
    "walkRange": 1
  },
  {
    "name": "Magic axe",
    "id": 2844,
    "x": 3187,
    "y": 3959,
    "z": 0,
    "direction": "S",
    "walkRange": 1
  },
  {
    "name": "Magic axe",
    "id": 2844,
    "x": 3188,
    "y": 3961,
    "z": 0,
    "direction": "S",
    "walkRange": 1
  },
  {
    "name": "Magic axe",
    "id": 2844,
    "x": 3190,
    "y": 3961,
    "z": 0,
    "direction": "S",
    "walkRange": 1
  },
  {
    "name": "Magic axe",
    "id": 2844,
    "x": 3192,
    "y": 3961,
    "z": 0,
    "direction": "S",
    "walkRange": 1
  },
  {
    "name": "Magic axe",
    "id": 2844,
    "x": 3192,
    "y": 3960,
    "z": 0,
    "direction": "S",
    "walkRange": 1
  },
  {
    "name": "Magic axe",
    "id": 2844,
    "x": 3190,
    "y": 3960,
    "z": 0,
    "direction": "S",
    "walkRange": 1
  },
  {
    "name": "Lava dragon",
    "id": 6593,
    "x": 3208,
    "y": 3844,
    "z": 0,
    "direction": "S",
    "walkRange": 5
  },
  {
    "name": "Lava dragon",
    "id": 6593,
    "x": 3191,
    "y": 3834,
    "z": 0,
    "direction": "S",
    "walkRange": 5
  },
  {
    "name": "Lava dragon",
    "id": 6593,
    "x": 3208,
    "y": 3836,
    "z": 0,
    "direction": "S",
    "walkRange": 5
  },
  {
    "name": "Lava dragon",
    "id": 6593,
    "x": 3212,
    "y": 3820,
    "z": 0,
    "direction": "S",
    "walkRange": 5
  },
  {
    "name": "Lava dragon",
    "id": 6593,
    "x": 3211,
    "y": 3808,
    "z": 0,
    "direction": "S",
    "walkRange": 5
  },
  {
    "name": "Lava dragon",
    "id": 6593,
    "x": 3194,
    "y": 3814,
    "z": 0,
    "direction": "S",
    "walkRange": 5
  },
  {
    "name": "Lava dragon",
    "id": 6593,
    "x": 3181,
    "y": 3809,
    "z": 0,
    "direction": "S",
    "walkRange": 5
  },
  {
    "name": "Green dragon",
    "id": 260,
    "x": 3334,
    "y": 3676,
    "z": 0,
    "direction": "S",
    "walkRange": 4
  },
  {
    "name": "Green dragon",
    "id": 260,
    "x": 3343,
    "y": 3680,
    "z": 0,
    "direction": "S",
    "walkRange": 4
  },
  {
    "name": "Green dragon",
    "id": 260,
    "x": 3343,
    "y": 3687,
    "z": 0,
    "direction": "S",
    "walkRange": 4
  },
  {
    "name": "Green dragon",
    "id": 260,
    "x": 3336,
    "y": 3687,
    "z": 0,
    "direction": "S",
    "walkRange": 4
  },
  {
    "name": "Green dragon",
    "id": 260,
    "x": 3336,
    "y": 3696,
    "z": 0,
    "direction": "S",
    "walkRange": 4
  },
  {
    "name": "Green dragon",
    "id": 260,
    "x": 3346,
    "y": 3698,
    "z": 0,
    "direction": "S",
    "walkRange": 4
  },
  {
    "name": "Green dragon",
    "id": 260,
    "x": 3346,
    "y": 3705,
    "z": 0,
    "direction": "S",
    "walkRange": 4
  },
  {
    "name": "Green dragon",
    "id": 260,
    "x": 3339,
    "y": 3703,
    "z": 0,
    "direction": "S",
    "walkRange": 4
  },
  {
    "name": "Green dragon",
    "id": 260,
    "x": 3355,
    "y": 3705,
    "z": 0,
    "direction": "S",
    "walkRange": 4
  },
  {
    "name": "Green dragon",
    "id": 260,
    "x": 3354,
    "y": 3697,
    "z": 0,
    "direction": "S",
    "walkRange": 4
  },
  {
    "name": "Green dragon",
    "id": 264,
    "x": 2978,
    "y": 3609,
    "z": 0,
    "direction": "S",
    "walkRange": 5
  },
  {
    "name": "Green dragon",
    "id": 260,
    "x": 2973,
    "y": 3619,
    "z": 0,
    "direction": "S",
    "walkRange": 5
  },
  {
    "name": "Green dragon",
    "id": 263,
    "x": 2984,
    "y": 3620,
    "z": 0,
    "direction": "S",
    "walkRange": 5
  },
  {
    "name": "Green dragon",
    "id": 263,
    "x": 2983,
    "y": 3612,
    "z": 0,
    "direction": "S",
    "walkRange": 5
  },
  {
    "name": "Green dragon",
    "id": 260,
    "x": 3131,
    "y": 3710,
    "z": 0,
    "direction": "S",
    "walkRange": 5
  },
  {
    "name": "Green dragon",
    "id": 260,
    "x": 3136,
    "y": 3703,
    "z": 0,
    "direction": "S",
    "walkRange": 5
  },
  {
    "name": "Green dragon",
    "id": 260,
    "x": 3128,
    "y": 3697,
    "z": 0,
    "direction": "S",
    "walkRange": 5
  },
  {
    "name": "Green dragon",
    "id": 260,
    "x": 3136,
    "y": 3696,
    "z": 0,
    "direction": "S",
    "walkRange": 5
  },
  {
    "name": "Green dragon",
    "id": 260,
    "x": 3144,
    "y": 3700,
    "z": 0,
    "direction": "S",
    "walkRange": 5
  },
  {
    "name": "Green dragon",
    "id": 260,
    "x": 3123,
    "y": 3698,
    "z": 0,
    "direction": "S",
    "walkRange": 5
  },
  {
    "name": "Green dragon",
    "id": 260,
    "x": 3122,
    "y": 3705,
    "z": 0,
    "direction": "S",
    "walkRange": 5
  },
  {
    "name": "Green dragon",
    "id": 260,
    "x": 3145,
    "y": 3708,
    "z": 0,
    "direction": "S",
    "walkRange": 5
  },
  {
    "name": "Green dragon",
    "id": 260,
    "x": 3152,
    "y": 3707,
    "z": 0,
    "direction": "S",
    "walkRange": 5
  },
  {
    "name": "Green dragon",
    "id": 260,
    "x": 3159,
    "y": 3709,
    "z": 0,
    "direction": "S",
    "walkRange": 5
  },
  {
    "name": "Green dragon",
    "id": 260,
    "x": 3159,
    "y": 3699,
    "z": 0,
    "direction": "S",
    "walkRange": 5
  },
  {
    "name": "Green dragon",
    "id": 260,
    "x": 3141,
    "y": 3715,
    "z": 0,
    "direction": "S",
    "walkRange": 5
  },
  {
    "name": "Ankou",
    "id": 1672,
    "x": 2969,
    "y": 3758,
    "z": 0,
    "direction": "S",
    "walkRange": 8
  },
  {
    "name": "Ankou",
    "id": 1672,
    "x": 2973,
    "y": 3747,
    "z": 0,
    "direction": "S",
    "walkRange": 8
  },
  {
    "name": "Ankou",
    "id": 1672,
    "x": 2973,
    "y": 3740,
    "z": 0,
    "direction": "S",
    "walkRange": 8
  },
  {
    "name": "Man",
    "id": 3078,
    "x": 2974,
    "y": 3742,
    "z": 0,
    "direction": "S",
    "walkRange": 5
  },
  {
    "name": "Ankou",
    "id": 1672,
    "x": 2976,
    "y": 3757,
    "z": 0,
    "direction": "S",
    "walkRange": 9
  },
  {
    "name": "Ankou",
    "id": 1677,
    "x": 2975,
    "y": 3746,
    "z": 0,
    "direction": "S",
    "walkRange": 8
  },
  {
    "name": "Skeleton",
    "id": 77,
    "x": 2977,
    "y": 3754,
    "z": 0,
    "direction": "S",
    "walkRange": 8
  },
  {
    "name": "Skeleton",
    "id": 77,
    "x": 2982,
    "y": 3760,
    "z": 0,
    "direction": "S",
    "walkRange": 6
  },
  {
    "name": "Ankou",
    "id": 1677,
    "x": 2981,
    "y": 3740,
    "z": 0,
    "direction": "S",
    "walkRange": 9
  },
  {
    "name": "Ankou",
    "id": 1677,
    "x": 2980,
    "y": 3754,
    "z": 0,
    "direction": "S",
    "walkRange": 9
  },
  {
    "name": "Ankou",
    "id": 1677,
    "x": 2977,
    "y": 3762,
    "z": 0,
    "direction": "S",
    "walkRange": 6
  },
  {
    "name": "Ankou",
    "id": 1673,
    "x": 2983,
    "y": 3743,
    "z": 0,
    "direction": "S",
    "walkRange": 10
  },
  {
    "name": "Ghost",
    "id": 85,
    "x": 2984,
    "y": 3748,
    "z": 0,
    "direction": "S",
    "walkRange": 7
  },
  {
    "name": "Ghost",
    "id": 85,
    "x": 2980,
    "y": 3762,
    "z": 0,
    "direction": "S",
    "walkRange": 2
  },
  {
    "name": "Ankou",
    "id": 1673,
    "x": 2986,
    "y": 3751,
    "z": 0,
    "direction": "S",
    "walkRange": 9
  },
  {
    "name": "Ankou",
    "id": 1673,
    "x": 2988,
    "y": 3762,
    "z": 0,
    "direction": "S",
    "walkRange": 7
  },
  {
    "name": "Ankou",
    "id": 1673,
    "x": 2988,
    "y": 3742,
    "z": 0,
    "direction": "S",
    "walkRange": 8
  },
  {
    "name": "Ghost",
    "id": 85,
    "x": 2989,
    "y": 3754,
    "z": 0,
    "direction": "S",
    "walkRange": 7
  },
  {
    "name": "Ankou",
    "id": 1675,
    "x": 2988,
    "y": 3751,
    "z": 0,
    "direction": "S",
    "walkRange": 8
  },
  {
    "name": "Ankou",
    "id": 1675,
    "x": 2991,
    "y": 3757,
    "z": 0,
    "direction": "S",
    "walkRange": 9
  },
  {
    "name": "Ankou",
    "id": 1675,
    "x": 2960,
    "y": 3747,
    "z": 0,
    "direction": "S",
    "walkRange": 8
  },
  {
    "name": "Ankou",
    "id": 1675,
    "x": 2963,
    "y": 3749,
    "z": 0,
    "direction": "S",
    "walkRange": 8
  },
  {
    "name": "Ankou",
    "id": 1676,
    "x": 2959,
    "y": 3763,
    "z": 0,
    "direction": "S",
    "walkRange": 6
  },
  {
    "name": "Ghost",
    "id": 85,
    "x": 2963,
    "y": 3756,
    "z": 0,
    "direction": "S",
    "walkRange": 5
  },
  {
    "name": "Ankou",
    "id": 1676,
    "x": 2966,
    "y": 3752,
    "z": 0,
    "direction": "S",
    "walkRange": 8
  },
  {
    "name": "Ankou",
    "id": 1676,
    "x": 2967,
    "y": 3762,
    "z": 0,
    "direction": "S",
    "walkRange": 8
  },
  {
    "name": "Ian",
    "id": 2196,
    "x": 2966,
    "y": 3767,
    "z": 0,
    "direction": "S",
    "walkRange": 3
  },
  {
    "name": "Ankou",
    "id": 1676,
    "x": 2965,
    "y": 3745,
    "z": 0,
    "direction": "S",
    "walkRange": 8
  },
  {
    "name": "Ghost",
    "id": 85,
    "x": 2969,
    "y": 3750,
    "z": 0,
    "direction": "S",
    "walkRange": 8
  },
  {
    "name": "Ghost",
    "id": 85,
    "x": 2968,
    "y": 3759,
    "z": 0,
    "direction": "S",
    "walkRange": 7
  },
  {
    "name": "Ankou",
    "id": 1674,
    "x": 2975,
    "y": 3762,
    "z": 0,
    "direction": "S",
    "walkRange": 1
  },
  {
    "name": "Ankou",
    "id": 1674,
    "x": 2979,
    "y": 3764,
    "z": 0,
    "direction": "S",
    "walkRange": 1
  },
  {
    "name": "Ankou",
    "id": 1674,
    "x": 2972,
    "y": 3762,
    "z": 0,
    "direction": "S",
    "walkRange": 1
  },
  {
    "name": "Ankou",
    "id": 1674,
    "x": 2968,
    "y": 3765,
    "z": 0,
    "direction": "S",
    "walkRange": 1
  },
  {
    "name": "Giant bat",
    "id": 2834,
    "x": 3080,
    "y": 3956,
    "z": 0,
    "direction": "S",
    "walkRange": 6
  },
  {
    "name": "Giant bat",
    "id": 2834,
    "x": 3077,
    "y": 3957,
    "z": 0,
    "direction": "S",
    "walkRange": 5
  },
  {
    "name": "Giant bat",
    "id": 2834,
    "x": 3075,
    "y": 3957,
    "z": 0,
    "direction": "S",
    "walkRange": 5
  },
  {
    "name": "Giant bat",
    "id": 2834,
    "x": 3075,
    "y": 3952,
    "z": 0,
    "direction": "S",
    "walkRange": 6
  },
  {
    "name": "Giant bat",
    "id": 2834,
    "x": 3074,
    "y": 3955,
    "z": 0,
    "direction": "S",
    "walkRange": 7
  },
  {
    "name": "Giant bat",
    "id": 2834,
    "x": 3078,
    "y": 3956,
    "z": 0,
    "direction": "S",
    "walkRange": 7
  },
  {
    "name": "Giant bat",
    "id": 2834,
    "x": 3078,
    "y": 3948,
    "z": 0,
    "direction": "S",
    "walkRange": 6
  },
  {
    "name": "Darren",
    "id": 2198,
    "x": 3019,
    "y": 3945,
    "z": 0,
    "direction": "S",
    "walkRange": 3
  },
  {
    "name": "Pirate",
    "id": 515,
    "x": 3040,
    "y": 3951,
    "z": 0,
    "direction": "S",
    "walkRange": 2
  },
  {
    "name": "Pirate",
    "id": 515,
    "x": 3040,
    "y": 3955,
    "z": 0,
    "direction": "S",
    "walkRange": 3
  },
  {
    "name": "Pirate",
    "id": 515,
    "x": 3041,
    "y": 3956,
    "z": 0,
    "direction": "S",
    "walkRange": 3
  },
  {
    "name": "Pirate",
    "id": 515,
    "x": 3041,
    "y": 3954,
    "z": 0,
    "direction": "S",
    "walkRange": 4
  },
  {
    "name": "Pirate",
    "id": 515,
    "x": 3041,
    "y": 3956,
    "z": 0,
    "direction": "S",
    "walkRange": 3
  },
  {
    "name": "Pirate",
    "id": 515,
    "x": 3041,
    "y": 3955,
    "z": 0,
    "direction": "S",
    "walkRange": 4
  },
  {
    "name": "Pirate",
    "id": 515,
    "x": 3041,
    "y": 3958,
    "z": 0,
    "direction": "S",
    "walkRange": 3
  },
  {
    "name": "Pirate",
    "id": 515,
    "x": 3043,
    "y": 3951,
    "z": 0,
    "direction": "S",
    "walkRange": 3
  },
  {
    "name": "Pirate",
    "id": 515,
    "x": 3043,
    "y": 3951,
    "z": 0,
    "direction": "S",
    "walkRange": 3
  },
  {
    "name": "Zombie",
    "id": 45,
    "x": 3152,
    "y": 3673,
    "z": 0,
    "direction": "S",
    "walkRange": 9
  },
  {
    "name": "Zombie",
    "id": 47,
    "x": 3157,
    "y": 3665,
    "z": 0,
    "direction": "S",
    "walkRange": 2
  },
  {
    "name": "Zombie",
    "id": 60,
    "x": 3155,
    "y": 3676,
    "z": 0,
    "direction": "S",
    "walkRange": 7
  },
  {
    "name": "Zombie",
    "id": 47,
    "x": 3157,
    "y": 3680,
    "z": 0,
    "direction": "S",
    "walkRange": 7
  },
  {
    "name": "Zombie",
    "id": 46,
    "x": 3159,
    "y": 3674,
    "z": 0,
    "direction": "S",
    "walkRange": 8
  },
  {
    "name": "Zombie",
    "id": 61,
    "x": 3164,
    "y": 3666,
    "z": 0,
    "direction": "S",
    "walkRange": 7
  },
  {
    "name": "Zombie",
    "id": 59,
    "x": 3164,
    "y": 3684,
    "z": 0,
    "direction": "S",
    "walkRange": 6
  },
  {
    "name": "Zombie",
    "id": 48,
    "x": 3167,
    "y": 3677,
    "z": 0,
    "direction": "S",
    "walkRange": 10
  },
  {
    "name": "Zombie",
    "id": 46,
    "x": 3166,
    "y": 3666,
    "z": 0,
    "direction": "S",
    "walkRange": 7
  },
  {
    "name": "Zombie",
    "id": 63,
    "x": 3167,
    "y": 3668,
    "z": 0,
    "direction": "S",
    "walkRange": 7
  },
  {
    "name": "Zombie",
    "id": 62,
    "x": 3171,
    "y": 3675,
    "z": 0,
    "direction": "S",
    "walkRange": 7
  },
  {
    "name": "Zombie",
    "id": 45,
    "x": 3173,
    "y": 3671,
    "z": 0,
    "direction": "S",
    "walkRange": 8
  },
  {
    "name": "Zombie",
    "id": 45,
    "x": 3172,
    "y": 3683,
    "z": 0,
    "direction": "S",
    "walkRange": 9
  },
  {
    "name": "Zombie",
    "id": 45,
    "x": 3172,
    "y": 3679,
    "z": 0,
    "direction": "S",
    "walkRange": 8
  },
  {
    "name": "Zombie",
    "id": 46,
    "x": 3174,
    "y": 3678,
    "z": 0,
    "direction": "S",
    "walkRange": 8
  },
  {
    "name": "Zombie",
    "id": 61,
    "x": 3175,
    "y": 3681,
    "z": 0,
    "direction": "S",
    "walkRange": 8
  },
  {
    "name": "Zombie",
    "id": 46,
    "x": 3176,
    "y": 3683,
    "z": 0,
    "direction": "S",
    "walkRange": 7
  },
  {
    "name": "Zombie",
    "id": 46,
    "x": 3179,
    "y": 3680,
    "z": 0,
    "direction": "S",
    "walkRange": 8
  },
  {
    "name": "Zombie",
    "id": 47,
    "x": 3184,
    "y": 3684,
    "z": 0,
    "direction": "S",
    "walkRange": 5
  },
  {
    "name": "Zombie",
    "id": 48,
    "x": 3182,
    "y": 3676,
    "z": 0,
    "direction": "S",
    "walkRange": 7
  },
  {
    "name": "Zombie",
    "id": 48,
    "x": 3178,
    "y": 3682,
    "z": 0,
    "direction": "S",
    "walkRange": 4
  },
  {
    "name": "Zombie",
    "id": 6597,
    "x": 3163,
    "y": 3728,
    "z": 0,
    "direction": "S",
    "walkRange": 8
  },
  {
    "name": "Deadly red spider",
    "id": 3021,
    "x": 3168,
    "y": 3732,
    "z": 0,
    "direction": "S",
    "walkRange": 6
  },
  {
    "name": "Zombie",
    "id": 6597,
    "x": 3167,
    "y": 3740,
    "z": 0,
    "direction": "S",
    "walkRange": 7
  },
  {
    "name": "Deadly red spider",
    "id": 3021,
    "x": 3171,
    "y": 3739,
    "z": 0,
    "direction": "S",
    "walkRange": 5
  },
  {
    "name": "Deadly red spider",
    "id": 3021,
    "x": 3166,
    "y": 3735,
    "z": 0,
    "direction": "S",
    "walkRange": 3
  },
  {
    "name": "Zombie",
    "id": 6597,
    "x": 3171,
    "y": 3727,
    "z": 0,
    "direction": "S",
    "walkRange": 7
  },
  {
    "name": "Deadly red spider",
    "id": 3021,
    "x": 3175,
    "y": 3734,
    "z": 0,
    "direction": "S",
    "walkRange": 7
  },
  {
    "name": "Zombie",
    "id": 6598,
    "x": 3173,
    "y": 3736,
    "z": 0,
    "direction": "S",
    "walkRange": 7
  },
  {
    "name": "Zombie",
    "id": 6596,
    "x": 3183,
    "y": 3735,
    "z": 0,
    "direction": "S",
    "walkRange": 1
  },
  {
    "name": "Zombie",
    "id": 6596,
    "x": 3176,
    "y": 3742,
    "z": 0,
    "direction": "S",
    "walkRange": 6
  },
  {
    "name": "Deadly red spider",
    "id": 3021,
    "x": 3180,
    "y": 3738,
    "z": 0,
    "direction": "S",
    "walkRange": 8
  },
  {
    "name": "Rat",
    "id": 2854,
    "x": 3182,
    "y": 3725,
    "z": 0,
    "direction": "S",
    "walkRange": 3
  },
  {
    "name": "Deadly red spider",
    "id": 3021,
    "x": 3180,
    "y": 3743,
    "z": 0,
    "direction": "S",
    "walkRange": 6
  },
  {
    "name": "Rat",
    "id": 2854,
    "x": 3182,
    "y": 3725,
    "z": 0,
    "direction": "S",
    "walkRange": 3
  },
  {
    "name": "Deadly red spider",
    "id": 3021,
    "x": 3180,
    "y": 3741,
    "z": 0,
    "direction": "S",
    "walkRange": 6
  },
  {
    "name": "Rat",
    "id": 2854,
    "x": 3182,
    "y": 3725,
    "z": 0,
    "direction": "S",
    "walkRange": 3
  },
  {
    "name": "Zombie",
    "id": 6598,
    "x": 3181,
    "y": 3741,
    "z": 0,
    "direction": "S",
    "walkRange": 6
  },
  {
    "name": "Deadly red spider",
    "id": 3021,
    "x": 3146,
    "y": 3729,
    "z": 0,
    "direction": "S",
    "walkRange": 6
  },
  {
    "name": "Zombie",
    "id": 6598,
    "x": 3147,
    "y": 3742,
    "z": 0,
    "direction": "S",
    "walkRange": 6
  },
  {
    "name": "Zombie",
    "id": 6597,
    "x": 3148,
    "y": 3734,
    "z": 0,
    "direction": "S",
    "walkRange": 5
  },
  {
    "name": "Zombie",
    "id": 6596,
    "x": 3149,
    "y": 3726,
    "z": 0,
    "direction": "S",
    "walkRange": 8
  },
  {
    "name": "Deadly red spider",
    "id": 3021,
    "x": 3151,
    "y": 3733,
    "z": 0,
    "direction": "S",
    "walkRange": 6
  },
  {
    "name": "Deadly red spider",
    "id": 3021,
    "x": 3150,
    "y": 3742,
    "z": 0,
    "direction": "S",
    "walkRange": 9
  },
  {
    "name": "Zombie",
    "id": 6597,
    "x": 3153,
    "y": 3728,
    "z": 0,
    "direction": "S",
    "walkRange": 9
  },
  {
    "name": "Zombie",
    "id": 6596,
    "x": 3154,
    "y": 3740,
    "z": 0,
    "direction": "S",
    "walkRange": 7
  },
  {
    "name": "Zombie",
    "id": 6598,
    "x": 3155,
    "y": 3731,
    "z": 0,
    "direction": "S",
    "walkRange": 8
  },
  {
    "name": "Deadly red spider",
    "id": 3021,
    "x": 3156,
    "y": 3737,
    "z": 0,
    "direction": "S",
    "walkRange": 7
  },
  {
    "name": "Zombie",
    "id": 6596,
    "x": 3159,
    "y": 3742,
    "z": 0,
    "direction": "S",
    "walkRange": 7
  },
  {
    "name": "Zombie",
    "id": 6598,
    "x": 3160,
    "y": 3725,
    "z": 0,
    "direction": "S",
    "walkRange": 7
  },
  {
    "name": "Greater demon",
    "id": 2028,
    "x": 3281,
    "y": 3879,
    "z": 0,
    "direction": "S",
    "walkRange": 5
  },
  {
    "name": "Greater demon",
    "id": 2029,
    "x": 3287,
    "y": 3894,
    "z": 0,
    "direction": "S",
    "walkRange": 6
  },
  {
    "name": "Greater demon",
    "id": 2027,
    "x": 3296,
    "y": 3873,
    "z": 0,
    "direction": "S",
    "walkRange": 6
  },
  {
    "name": "Greater demon",
    "id": 2026,
    "x": 3304,
    "y": 3886,
    "z": 0,
    "direction": "S",
    "walkRange": 6
  },
  {
    "name": "Deadly red spider",
    "id": 3021,
    "x": 3069,
    "y": 10260,
    "z": 0,
    "direction": "S",
    "walkRange": 1
  },
  {
    "name": "Deadly red spider",
    "id": 3021,
    "x": 3068,
    "y": 10257,
    "z": 0,
    "direction": "S",
    "walkRange": 1
  },
  {
    "name": "Deadly red spider",
    "id": 3021,
    "x": 3066,
    "y": 10256,
    "z": 0,
    "direction": "S",
    "walkRange": 1
  },
  {
    "name": "Deadly red spider",
    "id": 3021,
    "x": 3067,
    "y": 10254,
    "z": 0,
    "direction": "S",
    "walkRange": 1
  },
  {
    "name": "Deadly red spider",
    "id": 3021,
    "x": 3068,
    "y": 10256,
    "z": 0,
    "direction": "S",
    "walkRange": 1
  },
  {
    "name": "Hill Giant",
    "id": 2101,
    "x": 3047,
    "y": 10323,
    "z": 0,
    "direction": "S",
    "walkRange": 1
  },
  {
    "name": "Hill Giant",
    "id": 2101,
    "x": 3045,
    "y": 10318,
    "z": 0,
    "direction": "S",
    "walkRange": 1
  },
  {
    "name": "Hill Giant",
    "id": 2101,
    "x": 3046,
    "y": 10313,
    "z": 0,
    "direction": "S",
    "walkRange": 1
  },
  {
    "name": "Hill Giant",
    "id": 2101,
    "x": 3046,
    "y": 10311,
    "z": 0,
    "direction": "S",
    "walkRange": 1
  },
  {
    "name": "Hill Giant",
    "id": 2101,
    "x": 3045,
    "y": 10309,
    "z": 0,
    "direction": "S",
    "walkRange": 1
  },
  {
    "name": "Hill Giant",
    "id": 2101,
    "x": 3043,
    "y": 10306,
    "z": 0,
    "direction": "S",
    "walkRange": 1
  },
  {
    "name": "Chaos dwarf",
    "id": 291,
    "x": 3034,
    "y": 10314,
    "z": 0,
    "direction": "S",
    "walkRange": 1
  },
  {
    "name": "Chaos dwarf",
    "id": 291,
    "x": 3036,
    "y": 10311,
    "z": 0,
    "direction": "S",
    "walkRange": 1
  },
  {
    "name": "Chaos dwarf",
    "id": 291,
    "x": 3036,
    "y": 10308,
    "z": 0,
    "direction": "S",
    "walkRange": 1
  },
  {
    "name": "Chaos dwarf",
    "id": 291,
    "x": 3016,
    "y": 10317,
    "z": 0,
    "direction": "S",
    "walkRange": 1
  },
  {
    "name": "Hellhound",
    "id": 104,
    "x": 3173,
    "y": 3945,
    "z": 0,
    "direction": "S",
    "walkRange": 1
  },
  {
    "name": "Hellhound",
    "id": 104,
    "x": 3166,
    "y": 3955,
    "z": 0,
    "direction": "S",
    "walkRange": 1
  },
  {
    "name": "Hellhound",
    "id": 104,
    "x": 3178,
    "y": 3948,
    "z": 0,
    "direction": "S",
    "walkRange": 1
  },
  {
    "name": "Battle Point Exchange",
    "id": 1603,
    "x": 2541,
    "y": 4714,
    "z": 0,
    "direction": "S",
    "walkRange": 1,
    "shopOptions": {
      "trade": "4080fd7d-e876-4780-af90-5a5c2270fbaf"
    }
  },
  {
    "name": "Lundail",
    "id": 1601,
    "x": 2536,
    "y": 4716,
    "z": 0,
    "direction": "S",
    "walkRange": 1
  },
  {
    "name": "Gundai",
    "id": 1600,
    "x": 2533,
    "y": 4717,
    "z": 0,
    "direction": "S",
    "walkRange": 0
  },
  {
    "name": "White wolf",
    "id": 108,
    "x": 3006,
    "y": 3926,
    "z": 0,
    "direction": "S",
    "walkRange": 1
  },
  {
    "name": "White wolf",
    "id": 108,
    "x": 3005,
    "y": 3920,
    "z": 0,
    "direction": "S",
    "walkRange": 1
  },
  {
    "name": "White wolf",
    "id": 108,
    "x": 3001,
    "y": 3918,
    "z": 0,
    "direction": "S",
    "walkRange": 1
  },
  {
    "name": "White wolf",
    "id": 108,
    "x": 3000,
    "y": 3926,
    "z": 0,
    "direction": "S",
    "walkRange": 1
  },
  {
    "name": "White wolf",
    "id": 108,
    "x": 2995,
    "y": 3917,
    "z": 0,
    "direction": "S",
    "walkRange": 1
  },
  {
    "name": "White wolf",
    "id": 108,
    "x": 2995,
    "y": 3917,
    "z": 0,
    "direction": "S",
    "walkRange": 1
  },
  {
    "name": "White wolf",
    "id": 108,
    "x": 2991,
    "y": 3923,
    "z": 0,
    "direction": "S",
    "walkRange": 1
  },
  {
    "name": "White wolf",
    "id": 108,
    "x": 2986,
    "y": 3921,
    "z": 0,
    "direction": "S",
    "walkRange": 1
  },
  {
    "name": "Ice warrior",
    "id": 2841,
    "x": 2981,
    "y": 3933,
    "z": 0,
    "direction": "S",
    "walkRange": 1
  },
  {
    "name": "Ice warrior",
    "id": 2841,
    "x": 2983,
    "y": 3937,
    "z": 0,
    "direction": "S",
    "walkRange": 1
  },
  {
    "name": "Ice warrior",
    "id": 2841,
    "x": 2972,
    "y": 3936,
    "z": 0,
    "direction": "S",
    "walkRange": 1
  },
  {
    "name": "Ice warrior",
    "id": 2841,
    "x": 2970,
    "y": 3942,
    "z": 0,
    "direction": "S",
    "walkRange": 1
  },
  {
    "name": "Ice warrior",
    "id": 2841,
    "x": 2967,
    "y": 3948,
    "z": 0,
    "direction": "S",
    "walkRange": 1
  },
  {
    "name": "Ice warrior",
    "id": 2841,
    "x": 2984,
    "y": 3958,
    "z": 0,
    "direction": "S",
    "walkRange": 1
  },
  {
    "name": "Ice giant",
    "id": 2087,
    "x": 2979,
    "y": 3959,
    "z": 0,
    "direction": "S",
    "walkRange": 1
  },
  {
    "name": "Skeleton",
    "id": 81,
    "x": 2985,
    "y": 3945,
    "z": 0,
    "direction": "S",
    "walkRange": 1
  },
  {
    "name": "Skeleton",
    "id": 81,
    "x": 2991,
    "y": 3942,
    "z": 0,
    "direction": "S",
    "walkRange": 1
  },
  {
    "name": "Skeleton",
    "id": 81,
    "x": 2997,
    "y": 3939,
    "z": 0,
    "direction": "S",
    "walkRange": 1
  },
  {
    "name": "Ice spider",
    "id": 3022,
    "x": 2967,
    "y": 3915,
    "z": 0,
    "direction": "S",
    "walkRange": 1
  },
  {
    "name": "Ice spider",
    "id": 3022,
    "x": 2962,
    "y": 3913,
    "z": 0,
    "direction": "S",
    "walkRange": 1
  },
  {
    "name": "Ice spider",
    "id": 3022,
    "x": 2958,
    "y": 3917,
    "z": 0,
    "direction": "S",
    "walkRange": 1
  },
  {
    "name": "Ice spider",
    "id": 3022,
    "x": 2963,
    "y": 3924,
    "z": 0,
    "direction": "S",
    "walkRange": 1
  },
  {
    "name": "Ice spider",
    "id": 3022,
    "x": 2964,
    "y": 3930,
    "z": 0,
    "direction": "S",
    "walkRange": 1
  },
  {
    "name": "Ice spider",
    "id": 3022,
    "x": 2966,
    "y": 3934,
    "z": 0,
    "direction": "S",
    "walkRange": 1
  },
  {
    "name": "Ice spider",
    "id": 3022,
    "x": 2960,
    "y": 3933,
    "z": 0,
    "direction": "S",
    "walkRange": 1
  },
  {
    "name": "Ice spider",
    "id": 3022,
    "x": 2958,
    "y": 3929,
    "z": 0,
    "direction": "S",
    "walkRange": 1
  },
  {
    "name": "Ice giant",
    "id": 2087,
    "x": 2953,
    "y": 3941,
    "z": 0,
    "direction": "S",
    "walkRange": 1
  },
  {
    "name": "Ice giant",
    "id": 2087,
    "x": 2949,
    "y": 3933,
    "z": 0,
    "direction": "S",
    "walkRange": 1
  },
  {
    "name": "Ice giant",
    "id": 2087,
    "x": 2953,
    "y": 3941,
    "z": 0,
    "direction": "S",
    "walkRange": 1
  },
  {
    "name": "Ice giant",
    "id": 2087,
    "x": 2949,
    "y": 3922,
    "z": 0,
    "direction": "S",
    "walkRange": 1
  },
  {
    "name": "Ice warrior",
    "id": 2841,
    "x": 2950,
    "y": 3910,
    "z": 0,
    "direction": "S",
    "walkRange": 1
  },
  {
    "name": "Ice warrior",
    "id": 2841,
    "x": 2955,
    "y": 3907,
    "z": 0,
    "direction": "S",
    "walkRange": 1
  },
  {
    "name": "Ice warrior",
    "id": 2841,
    "x": 2947,
    "y": 3921,
    "z": 0,
    "direction": "S",
    "walkRange": 1
  },
  {
    "name": "Ice warrior",
    "id": 2841,
    "x": 2953,
    "y": 3925,
    "z": 0,
    "direction": "S",
    "walkRange": 1
  },
  {
    "name": "Ice warrior",
    "id": 2841,
    "x": 2950,
    "y": 3932,
    "z": 0,
    "direction": "S",
    "walkRange": 1
  },
  {
    "name": "Ice warrior",
    "id": 2841,
    "x": 2953,
    "y": 3939,
    "z": 0,
    "direction": "S",
    "walkRange": 1
  },
  {
    "name": "Ice giant",
    "id": 2087,
    "x": 2946,
    "y": 3897,
    "z": 0,
    "direction": "S",
    "walkRange": 1
  },
  {
    "name": "Ice giant",
    "id": 2087,
    "x": 2953,
    "y": 3900,
    "z": 0,
    "direction": "S",
    "walkRange": 1
  },
  {
    "name": "Ice giant",
    "id": 2087,
    "x": 2953,
    "y": 3894,
    "z": 0,
    "direction": "S",
    "walkRange": 1
  },
  {
    "name": "Ice giant",
    "id": 2087,
    "x": 2958,
    "y": 3895,
    "z": 0,
    "direction": "S",
    "walkRange": 1
  },
  {
    "name": "Ice giant",
    "id": 2087,
    "x": 2961,
    "y": 3900,
    "z": 0,
    "direction": "S",
    "walkRange": 1
  },
  {
    "name": "Ice warrior",
    "id": 2841,
    "x": 2946,
    "y": 3889,
    "z": 0,
    "direction": "S",
    "walkRange": 1
  },
  {
    "name": "Ice warrior",
    "id": 2841,
    "x": 2953,
    "y": 3887,
    "z": 0,
    "direction": "S",
    "walkRange": 1
  },
  {
    "name": "Ice warrior",
    "id": 2841,
    "x": 2959,
    "y": 3887,
    "z": 0,
    "direction": "S",
    "walkRange": 1
  },
  {
    "name": "Ice warrior",
    "id": 2841,
    "x": 2964,
    "y": 3888,
    "z": 0,
    "direction": "S",
    "walkRange": 1
  },
  {
    "name": "Ice warrior",
    "id": 2841,
    "x": 2954,
    "y": 3877,
    "z": 0,
    "direction": "S",
    "walkRange": 1
  },
  {
    "name": "Ice warrior",
    "id": 2841,
    "x": 2947,
    "y": 3874,
    "z": 0,
    "direction": "S",
    "walkRange": 1
  },
  {
    "name": "Ice warrior",
    "id": 2841,
    "x": 2962,
    "y": 3876,
    "z": 0,
    "direction": "S",
    "walkRange": 1
  },
  {
    "name": "Ice warrior",
    "id": 2841,
    "x": 2954,
    "y": 3863,
    "z": 0,
    "direction": "S",
    "walkRange": 1
  },
  {
    "name": "Ice warrior",
    "id": 2841,
    "x": 2953,
    "y": 3862,
    "z": 0,
    "direction": "S",
    "walkRange": 1
  },
  {
    "name": "Ice warrior",
    "id": 2841,
    "x": 2947,
    "y": 3856,
    "z": 0,
    "direction": "S",
    "walkRange": 1
  },
  {
    "name": "Ice warrior",
    "id": 2841,
    "x": 2955,
    "y": 3852,
    "z": 0,
    "direction": "S",
    "walkRange": 1
  },
  {
    "name": "Miniature chaotic clouds",
    "id": 6620,
    "x": 2980,
    "y": 3850,
    "z": 0,
    "direction": "S",
    "walkRange": 1
  },
  {
    "name": "Miniature chaotic clouds",
    "id": 6620,
    "x": 2985,
    "y": 3848,
    "z": 0,
    "direction": "S",
    "walkRange": 1
  },
  {
    "name": "Miniature chaotic clouds",
    "id": 6620,
    "x": 2982,
    "y": 3843,
    "z": 0,
    "direction": "S",
    "walkRange": 1
  },
  {
    "name": "Miniature chaotic clouds",
    "id": 6620,
    "x": 2978,
    "y": 3844,
    "z": 0,
    "direction": "S",
    "walkRange": 1
  },
  {
    "name": "Miniature chaotic clouds",
    "id": 6620,
    "x": 2981,
    "y": 3847,
    "z": 0,
    "direction": "S",
    "walkRange": 1
  },
  {
    "name": "Lesser demon",
    "id": 2007,
    "x": 3009,
    "y": 3851,
    "z": 0,
    "direction": "S",
    "walkRange": 1
  },
  {
    "name": "Lesser demon",
    "id": 2007,
    "x": 3010,
    "y": 3844,
    "z": 0,
    "direction": "S",
    "walkRange": 1
  },
  {
    "name": "Lesser demon",
    "id": 2008,
    "x": 3015,
    "y": 3852,
    "z": 0,
    "direction": "S",
    "walkRange": 1
  },
  {
    "name": "Lesser demon",
    "id": 2006,
    "x": 3015,
    "y": 3844,
    "z": 0,
    "direction": "S",
    "walkRange": 1
  },
  {
    "name": "Hill Giant",
    "id": 2101,
    "x": 3300,
    "y": 3650,
    "z": 0,
    "direction": "S",
    "walkRange": 1
  },
  {
    "name": "Hill Giant",
    "id": 2101,
    "x": 3304,
    "y": 3649,
    "z": 0,
    "direction": "S",
    "walkRange": 1
  },
  {
    "name": "Black unicorn",
    "id": 2849,
    "x": 3259,
    "y": 3680,
    "z": 0,
    "direction": "S",
    "walkRange": 1
  },
  {
    "name": "Black unicorn",
    "id": 2849,
    "x": 3249,
    "y": 3677,
    "z": 0,
    "direction": "S",
    "walkRange": 1
  },
  {
    "name": "Black unicorn",
    "id": 2849,
    "x": 3238,
    "y": 3677,
    "z": 0,
    "direction": "S",
    "walkRange": 1
  },
  {
    "name": "Black unicorn",
    "id": 2849,
    "x": 3238,
    "y": 3667,
    "z": 0,
    "direction": "S",
    "walkRange": 1
  },
  {
    "name": "Black unicorn",
    "id": 2849,
    "x": 3248,
    "y": 3668,
    "z": 0,
    "direction": "S",
    "walkRange": 1
  },
  {
    "name": "Hellhound",
    "id": 104,
    "x": 3180,
    "y": 3917,
    "z": 0,
    "direction": "S",
    "walkRange": 3
  },
  {
    "name": "Hellhound",
    "id": 104,
    "x": 3181,
    "y": 3912,
    "z": 0,
    "direction": "S",
    "walkRange": 3
  },
  {
    "name": "Hellhound",
    "id": 104,
    "x": 3192,
    "y": 3916,
    "z": 0,
    "direction": "S",
    "walkRange": 3
  },
  {
    "name": "Giant spider",
    "id": 2477,
    "x": 3161,
    "y": 3876,
    "z": 0,
    "direction": "S",
    "walkRange": 3
  },
  {
    "name": "Giant spider",
    "id": 2477,
    "x": 3164,
    "y": 3877,
    "z": 0,
    "direction": "S",
    "walkRange": 3
  },
  {
    "name": "Giant spider",
    "id": 2477,
    "x": 3162,
    "y": 3880,
    "z": 0,
    "direction": "S",
    "walkRange": 3
  },
  {
    "name": "Giant spider",
    "id": 2477,
    "x": 3164,
    "y": 3882,
    "z": 0,
    "direction": "S",
    "walkRange": 3
  },
  {
    "name": "Giant spider",
    "id": 2477,
    "x": 3162,
    "y": 3885,
    "z": 0,
    "direction": "S",
    "walkRange": 3
  },
  {
    "name": "Giant spider",
    "id": 2477,
    "x": 3165,
    "y": 3886,
    "z": 0,
    "direction": "S",
    "walkRange": 3
  },
  {
    "name": "Giant spider",
    "id": 2477,
    "x": 3168,
    "y": 3888,
    "z": 0,
    "direction": "S",
    "walkRange": 3
  },
  {
    "name": "Giant spider",
    "id": 2477,
    "x": 3171,
    "y": 3884,
    "z": 0,
    "direction": "S",
    "walkRange": 3
  },
  {
    "name": "Giant spider",
    "id": 2477,
    "x": 3170,
    "y": 3880,
    "z": 0,
    "direction": "S",
    "walkRange": 3
  },
  {
    "name": "Giant spider",
    "id": 2477,
    "x": 3174,
    "y": 3882,
    "z": 0,
    "direction": "S",
    "walkRange": 3
  },
  {
    "name": "Giant spider",
    "id": 2477,
    "x": 3175,
    "y": 3884,
    "z": 0,
    "direction": "S",
    "walkRange": 3
  },
  {
    "name": "Giant spider",
    "id": 2477,
    "x": 3177,
    "y": 3887,
    "z": 0,
    "direction": "S",
    "walkRange": 3
  },
  {
    "name": "Giant spider",
    "id": 2477,
    "x": 3175,
    "y": 3889,
    "z": 0,
    "direction": "S",
    "walkRange": 3
  },
  {
    "name": "Giant spider",
    "id": 2477,
    "x": 3172,
    "y": 3890,
    "z": 0,
    "direction": "S",
    "walkRange": 3
  },
  {
    "name": "Giant spider",
    "id": 2477,
    "x": 3169,
    "y": 3891,
    "z": 0,
    "direction": "S",
    "walkRange": 3
  },
  {
    "name": "Giant spider",
    "id": 2477,
    "x": 3166,
    "y": 3890,
    "z": 0,
    "direction": "S",
    "walkRange": 3
  },
  {
    "name": "Giant spider",
    "id": 2477,
    "x": 3162,
    "y": 3890,
    "z": 0,
    "direction": "S",
    "walkRange": 3
  },
  {
    "name": "Giant spider",
    "id": 2477,
    "x": 3170,
    "y": 3888,
    "z": 0,
    "direction": "S",
    "walkRange": 3
  },
  {
    "name": "Giant spider",
    "id": 2477,
    "x": 3172,
    "y": 3885,
    "z": 0,
    "direction": "S",
    "walkRange": 3
  },
  {
    "name": "Black Knight",
    "id": 508,
    "x": 3024,
    "y": 3848,
    "z": 0,
    "direction": "S",
    "walkRange": 3
  },
  {
    "name": "Black Knight",
    "id": 508,
    "x": 3032,
    "y": 3851,
    "z": 0,
    "direction": "S",
    "walkRange": 3
  },
  {
    "name": "Black Knight",
    "id": 508,
    "x": 3035,
    "y": 3849,
    "z": 0,
    "direction": "S",
    "walkRange": 3
  },
  {
    "name": "Black Knight",
    "id": 508,
    "x": 3038,
    "y": 3855,
    "z": 0,
    "direction": "S",
    "walkRange": 3
  },
  {
    "name": "Black Knight",
    "id": 508,
    "x": 3052,
    "y": 3854,
    "z": 0,
    "direction": "S",
    "walkRange": 3
  },
  {
    "name": "Black Knight",
    "id": 508,
    "x": 3051,
    "y": 3848,
    "z": 0,
    "direction": "S",
    "walkRange": 3
  },
  {
    "name": "Black Knight",
    "id": 508,
    "x": 3058,
    "y": 3850,
    "z": 0,
    "direction": "S",
    "walkRange": 3
  },
  {
    "name": "Deadly red spider",
    "id": 3021,
    "x": 3049,
    "y": 3868,
    "z": 0,
    "direction": "S",
    "walkRange": 5
  },
  {
    "name": "Deadly red spider",
    "id": 3021,
    "x": 3046,
    "y": 3872,
    "z": 0,
    "direction": "S",
    "walkRange": 5
  },
  {
    "name": "Deadly red spider",
    "id": 3021,
    "x": 3053,
    "y": 3874,
    "z": 0,
    "direction": "S",
    "walkRange": 5
  },
  {
    "name": "Deadly red spider",
    "id": 3021,
    "x": 3047,
    "y": 3880,
    "z": 0,
    "direction": "S",
    "walkRange": 5
  },
  {
    "name": "Deadly red spider",
    "id": 3021,
    "x": 3055,
    "y": 3885,
    "z": 0,
    "direction": "S",
    "walkRange": 5
  },
  {
    "name": "Deadly red spider",
    "id": 3021,
    "x": 3049,
    "y": 3885,
    "z": 0,
    "direction": "S",
    "walkRange": 5
  },
  {
    "name": "Deadly red spider",
    "id": 3021,
    "x": 3050,
    "y": 3890,
    "z": 0,
    "direction": "S",
    "walkRange": 5
  },
  {
    "name": "Deadly red spider",
    "id": 3021,
    "x": 3053,
    "y": 3892,
    "z": 0,
    "direction": "S",
    "walkRange": 5
  },
  {
    "name": "Deadly red spider",
    "id": 3021,
    "x": 3050,
    "y": 3898,
    "z": 0,
    "direction": "S",
    "walkRange": 5
  },
  {
    "name": "Deadly red spider",
    "id": 3021,
    "x": 3055,
    "y": 3902,
    "z": 0,
    "direction": "S",
    "walkRange": 5
  },
  {
    "name": "Deadly red spider",
    "id": 3021,
    "x": 3063,
    "y": 3895,
    "z": 0,
    "direction": "S",
    "walkRange": 5
  },
  {
    "name": "Deadly red spider",
    "id": 3021,
    "x": 3068,
    "y": 3897,
    "z": 0,
    "direction": "S",
    "walkRange": 5
  },
  {
    "name": "Deadly red spider",
    "id": 3021,
    "x": 3066,
    "y": 3902,
    "z": 0,
    "direction": "S",
    "walkRange": 5
  },
  {
    "name": "Hill Giant",
    "id": 2101,
    "x": 3104,
    "y": 3876,
    "z": 0,
    "direction": "S",
    "walkRange": 3
  },
  {
    "name": "Fire giant",
    "id": 2075,
    "x": 3049,
    "y": 10346,
    "z": 0,
    "direction": "S",
    "walkRange": 3
  },
  {
    "name": "Fire giant",
    "id": 2075,
    "x": 3047,
    "y": 10340,
    "z": 0,
    "direction": "S",
    "walkRange": 3
  },
  {
    "name": "Fire giant",
    "id": 2075,
    "x": 3051,
    "y": 10377,
    "z": 0,
    "direction": "S",
    "walkRange": 3
  },
  {
    "name": "Fire giant",
    "id": 2077,
    "x": 3053,
    "y": 10339,
    "z": 0,
    "direction": "S",
    "walkRange": 3
  },
  {
    "name": "Fire giant",
    "id": 2077,
    "x": 3052,
    "y": 10347,
    "z": 0,
    "direction": "S",
    "walkRange": 3
  },
  {
    "name": "Shadow spider",
    "id": 3016,
    "x": 3035,
    "y": 10343,
    "z": 0,
    "direction": "S",
    "walkRange": 3
  },
  {
    "name": "Shadow spider",
    "id": 3016,
    "x": 3030,
    "y": 10343,
    "z": 0,
    "direction": "S",
    "walkRange": 3
  },
  {
    "name": "Shadow spider",
    "id": 3016,
    "x": 3028,
    "y": 10336,
    "z": 0,
    "direction": "S",
    "walkRange": 3
  },
  {
    "name": "Shadow spider",
    "id": 3016,
    "x": 3024,
    "y": 10333,
    "z": 0,
    "direction": "S",
    "walkRange": 3
  },
  {
    "name": "Shadow spider",
    "id": 3016,
    "x": 3026,
    "y": 10326,
    "z": 0,
    "direction": "S",
    "walkRange": 3
  },
  {
    "name": "Shadow spider",
    "id": 3016,
    "x": 3019,
    "y": 10324,
    "z": 0,
    "direction": "S",
    "walkRange": 3
  },
  {
    "name": "Shadow spider",
    "id": 3016,
    "x": 3015,
    "y": 10323,
    "z": 0,
    "direction": "S",
    "walkRange": 3
  },
  {
    "name": "Shadow spider",
    "id": 3016,
    "x": 3027,
    "y": 10310,
    "z": 0,
    "direction": "S",
    "walkRange": 3
  },
  {
    "name": "Shadow spider",
    "id": 3016,
    "x": 3026,
    "y": 10328,
    "z": 0,
    "direction": "S",
    "walkRange": 3
  },
  {
    "name": "Shadow spider",
    "id": 3016,
    "x": 3027,
    "y": 10337,
    "z": 0,
    "direction": "S",
    "walkRange": 3
  },
  {
    "name": "Lesser demon",
    "id": 2006,
    "x": 3093,
    "y": 3868,
    "z": 0,
    "direction": "S",
    "walkRange": 1
  },
  {
    "name": "Lesser demon",
    "id": 2006,
    "x": 3091,
    "y": 3861,
    "z": 0,
    "direction": "S",
    "walkRange": 1
  },
  {
    "name": "Lesser demon",
    "id": 2006,
    "x": 3082,
    "y": 3862,
    "z": 0,
    "direction": "S",
    "walkRange": 1
  },
  {
    "name": "Wolf",
    "id": 106,
    "x": 3244,
    "y": 3912,
    "z": 0,
    "direction": "S",
    "walkRange": 8
  },
  {
    "name": "Wolf",
    "id": 106,
    "x": 3237,
    "y": 3919,
    "z": 0,
    "direction": "S",
    "walkRange": 8
  },
  {
    "name": "Wolf",
    "id": 106,
    "x": 3225,
    "y": 3919,
    "z": 0,
    "direction": "S",
    "walkRange": 8
  },
  {
    "name": "Wolf",
    "id": 106,
    "x": 3217,
    "y": 3922,
    "z": 0,
    "direction": "S",
    "walkRange": 8
  },
  {
    "name": "Rogue",
    "id": 518,
    "x": 3292,
    "y": 3925,
    "z": 0,
    "direction": "S",
    "walkRange": 3
  },
  {
    "name": "Rogue",
    "id": 518,
    "x": 3276,
    "y": 3932,
    "z": 0,
    "direction": "S",
    "walkRange": 3
  },
  {
    "name": "Rogue",
    "id": 518,
    "x": 3276,
    "y": 3930,
    "z": 0,
    "direction": "S",
    "walkRange": 3
  },
  {
    "name": "Rogue",
    "id": 518,
    "x": 3278,
    "y": 3926,
    "z": 0,
    "direction": "S",
    "walkRange": 3
  },
  {
    "name": "Rogue",
    "id": 518,
    "x": 3290,
    "y": 3931,
    "z": 0,
    "direction": "S",
    "walkRange": 3
  },
  {
    "name": "Rogue",
    "id": 518,
    "x": 3292,
    "y": 3925,
    "z": 0,
    "direction": "S",
    "walkRange": 3
  },
  {
    "name": "Rogue",
    "id": 518,
    "x": 3280,
    "y": 3935,
    "z": 0,
    "direction": "S",
    "walkRange": 3
  },
  {
    "name": "Rogue",
    "id": 518,
    "x": 3285,
    "y": 3940,
    "z": 0,
    "direction": "S",
    "walkRange": 3
  },
  {
    "name": "Rogue",
    "id": 518,
    "x": 3286,
    "y": 3933,
    "z": 0,
    "direction": "S",
    "walkRange": 3
  },
  {
    "name": "Rogue",
    "id": 518,
    "x": 3286,
    "y": 3930,
    "z": 0,
    "direction": "S",
    "walkRange": 3
  },
  {
    "name": "Rogue",
    "id": 518,
    "x": 3285,
    "y": 3927,
    "z": 0,
    "direction": "S",
    "walkRange": 3
  },
  {
    "name": "Rogue",
    "id": 6603,
    "x": 3276,
    "y": 3938,
    "z": 0,
    "direction": "S",
    "walkRange": 3
  },
  {
    "name": "Rogue",
    "id": 6603,
    "x": 3277,
    "y": 3941,
    "z": 0,
    "direction": "S",
    "walkRange": 3
  },
  {
    "name": "Rogue",
    "id": 6603,
    "x": 3282,
    "y": 3943,
    "z": 0,
    "direction": "S",
    "walkRange": 3
  },
  {
    "name": "Rogue",
    "id": 6603,
    "x": 3285,
    "y": 3944,
    "z": 0,
    "direction": "S",
    "walkRange": 3
  },
  {
    "name": "Rogue",
    "id": 6603,
    "x": 3288,
    "y": 3944,
    "z": 0,
    "direction": "S",
    "walkRange": 3
  },
  {
    "name": "Rogue",
    "id": 6603,
    "x": 3289,
    "y": 3941,
    "z": 0,
    "direction": "S",
    "walkRange": 3
  },
  {
    "name": "Rogue",
    "id": 6603,
    "x": 3291,
    "y": 3938,
    "z": 0,
    "direction": "S",
    "walkRange": 3
  },
  {
    "name": "Rogue",
    "id": 6603,
    "x": 3295,
    "y": 3938,
    "z": 0,
    "direction": "S",
    "walkRange": 3
  },
  {
    "name": "Rogue",
    "id": 6603,
    "x": 3297,
    "y": 3943,
    "z": 0,
    "direction": "S",
    "walkRange": 3
  },
  {
    "name": "Edward",
    "id": 2199,
    "x": 3288,
    "y": 3941,
    "z": 0,
    "direction": "S",
    "walkRange": 3
  },
  {
    "name": "Moss giant",
    "id": 2090,
    "x": 3143,
    "y": 3830,
    "z": 0,
    "direction": "S",
    "walkRange": 6
  },
  {
    "name": "Moss giant",
    "id": 2090,
    "x": 3142,
    "y": 3823,
    "z": 0,
    "direction": "S",
    "walkRange": 6
  },
  {
    "name": "Moss giant",
    "id": 2090,
    "x": 3139,
    "y": 3806,
    "z": 0,
    "direction": "S",
    "walkRange": 6
  },
  {
    "name": "Skeleton",
    "id": 80,
    "x": 3144,
    "y": 3799,
    "z": 0,
    "direction": "S",
    "walkRange": 6
  },
  {
    "name": "Skeleton",
    "id": 80,
    "x": 3137,
    "y": 3794,
    "z": 0,
    "direction": "S",
    "walkRange": 6
  },
  {
    "name": "Black chinchompa",
    "id": 2912,
    "x": 3140,
    "y": 3788,
    "z": 0,
    "direction": "S",
    "walkRange": 6
  },
  {
    "name": "Black chinchompa",
    "id": 2912,
    "x": 3135,
    "y": 3788,
    "z": 0,
    "direction": "S",
    "walkRange": 6
  },
  {
    "name": "Black chinchompa",
    "id": 2912,
    "x": 3135,
    "y": 3784,
    "z": 0,
    "direction": "S",
    "walkRange": 6
  },
  {
    "name": "Black chinchompa",
    "id": 2912,
    "x": 3140,
    "y": 3781,
    "z": 0,
    "direction": "S",
    "walkRange": 6
  },
  {
    "name": "Black chinchompa",
    "id": 2912,
    "x": 3134,
    "y": 3778,
    "z": 0,
    "direction": "S",
    "walkRange": 6
  },
  {
    "name": "Black chinchompa",
    "id": 2912,
    "x": 3140,
    "y": 3773,
    "z": 0,
    "direction": "S",
    "walkRange": 6
  },
  {
    "name": "Black chinchompa",
    "id": 2912,
    "x": 3143,
    "y": 3771,
    "z": 0,
    "direction": "S",
    "walkRange": 6
  },
  {
    "name": "Black chinchompa",
    "id": 2912,
    "x": 3147,
    "y": 3774,
    "z": 0,
    "direction": "S",
    "walkRange": 6
  },
  {
    "name": "Black chinchompa",
    "id": 2912,
    "x": 3149,
    "y": 3772,
    "z": 0,
    "direction": "S",
    "walkRange": 6
  },
  {
    "name": "Black chinchompa",
    "id": 2912,
    "x": 3153,
    "y": 3770,
    "z": 0,
    "direction": "S",
    "walkRange": 6
  },
  {
    "name": "Black chinchompa",
    "id": 2912,
    "x": 3158,
    "y": 3775,
    "z": 0,
    "direction": "S",
    "walkRange": 6
  },
  {
    "name": "Black chinchompa",
    "id": 2912,
    "x": 3155,
    "y": 3777,
    "z": 0,
    "direction": "S",
    "walkRange": 6
  },
  {
    "name": "Hobgoblin",
    "id": 3049,
    "x": 3087,
    "y": 3762,
    "z": 0,
    "direction": "S",
    "walkRange": 8
  },
  {
    "name": "Hobgoblin",
    "id": 3049,
    "x": 3081,
    "y": 3757,
    "z": 0,
    "direction": "S",
    "walkRange": 8
  },
  {
    "name": "Hobgoblin",
    "id": 3049,
    "x": 3079,
    "y": 3760,
    "z": 0,
    "direction": "S",
    "walkRange": 8
  },
  {
    "name": "Hobgoblin",
    "id": 3049,
    "x": 3076,
    "y": 3769,
    "z": 0,
    "direction": "S",
    "walkRange": 8
  },
  {
    "name": "Hobgoblin",
    "id": 3049,
    "x": 3082,
    "y": 3771,
    "z": 0,
    "direction": "S",
    "walkRange": 8
  },
  {
    "name": "Hobgoblin",
    "id": 3049,
    "x": 3086,
    "y": 3773,
    "z": 0,
    "direction": "S",
    "walkRange": 8
  },
  {
    "name": "Hobgoblin",
    "id": 3049,
    "x": 3091,
    "y": 3771,
    "z": 0,
    "direction": "S",
    "walkRange": 8
  },
  {
    "name": "Hobgoblin",
    "id": 3049,
    "x": 3094,
    "y": 3768,
    "z": 0,
    "direction": "S",
    "walkRange": 8
  },
  {
    "name": "Hobgoblin",
    "id": 3049,
    "x": 3095,
    "y": 3764,
    "z": 0,
    "direction": "S",
    "walkRange": 8
  },
  {
    "name": "Hobgoblin",
    "id": 3049,
    "x": 3096,
    "y": 3761,
    "z": 0,
    "direction": "S",
    "walkRange": 8
  },
  {
    "name": "Hobgoblin",
    "id": 3049,
    "x": 3093,
    "y": 3757,
    "z": 0,
    "direction": "S",
    "walkRange": 8
  },
  {
    "name": "Hobgoblin",
    "id": 3049,
    "x": 3084,
    "y": 3751,
    "z": 0,
    "direction": "S",
    "walkRange": 8
  },
  {
    "name": "Hobgoblin",
    "id": 3049,
    "x": 3077,
    "y": 3752,
    "z": 0,
    "direction": "S",
    "walkRange": 8
  },
  {
    "name": "Hobgoblin",
    "id": 3049,
    "x": 3104,
    "y": 3763,
    "z": 0,
    "direction": "S",
    "walkRange": 8
  },
  {
    "name": "Hobgoblin",
    "id": 3049,
    "x": 3105,
    "y": 3757,
    "z": 0,
    "direction": "S",
    "walkRange": 8
  },
  {
    "name": "Hobgoblin",
    "id": 3049,
    "x": 3100,
    "y": 3753,
    "z": 0,
    "direction": "S",
    "walkRange": 8
  },
  {
    "name": "Hobgoblin",
    "id": 3049,
    "x": 3100,
    "y": 3772,
    "z": 0,
    "direction": "S",
    "walkRange": 8
  },
  {
    "name": "Hobgoblin",
    "id": 3049,
    "x": 3096,
    "y": 3748,
    "z": 0,
    "direction": "S",
    "walkRange": 8
  },
  {
    "name": "Hobgoblin",
    "id": 3049,
    "x": 3087,
    "y": 3742,
    "z": 0,
    "direction": "S",
    "walkRange": 8
  },
  {
    "name": "Dark wizard",
    "id": 472,
    "x": 2980,
    "y": 3565,
    "z": 0,
    "direction": "S",
    "walkRange": 5
  },
  {
    "name": "Dark wizard",
    "id": 472,
    "x": 2985,
    "y": 3566,
    "z": 0,
    "direction": "S",
    "walkRange": 5
  },
  {
    "name": "Dark wizard",
    "id": 472,
    "x": 2983,
    "y": 3563,
    "z": 0,
    "direction": "S",
    "walkRange": 5
  },
  {
    "name": "Dark wizard",
    "id": 512,
    "x": 2977,
    "y": 3565,
    "z": 0,
    "direction": "S",
    "walkRange": 5
  },
  {
    "name": "Dark wizard",
    "id": 512,
    "x": 2976,
    "y": 3570,
    "z": 0,
    "direction": "S",
    "walkRange": 5
  },
  {
    "name": "Dark wizard",
    "id": 512,
    "x": 2979,
    "y": 3572,
    "z": 0,
    "direction": "S",
    "walkRange": 5
  },
  {
    "name": "Dark wizard",
    "id": 512,
    "x": 2984,
    "y": 3569,
    "z": 0,
    "direction": "S",
    "walkRange": 5
  },
  {
    "name": "Dark wizard",
    "id": 512,
    "x": 2979,
    "y": 3565,
    "z": 0,
    "direction": "S",
    "walkRange": 5
  },
  {
    "name": "Battle mage",
    "id": 1610,
    "x": 3107,
    "y": 3923,
    "z": 0,
    "direction": "S",
    "walkRange": 3
  },
  {
    "name": "Battle mage",
    "id": 1610,
    "x": 3113,
    "y": 3928,
    "z": 0,
    "direction": "S",
    "walkRange": 4
  },
  {
    "name": "Battle mage",
    "id": 1610,
    "x": 3110,
    "y": 3933,
    "z": 0,
    "direction": "S",
    "walkRange": 4
  },
  {
    "name": "Battle mage",
    "id": 1610,
    "x": 3104,
    "y": 3940,
    "z": 0,
    "direction": "S",
    "walkRange": 4
  },
  {
    "name": "Battle mage",
    "id": 1610,
    "x": 3096,
    "y": 3934,
    "z": 0,
    "direction": "S",
    "walkRange": 4
  },
  {
    "name": "Battle mage",
    "id": 1610,
    "x": 3099,
    "y": 3928,
    "z": 0,
    "direction": "S",
    "walkRange": 4
  },
  {
    "name": "Battle mage",
    "id": 1611,
    "x": 3114,
    "y": 3937,
    "z": 0,
    "direction": "S",
    "walkRange": 4
  },
  {
    "name": "Battle mage",
    "id": 1611,
    "x": 3110,
    "y": 3942,
    "z": 0,
    "direction": "S",
    "walkRange": 3
  },
  {
    "name": "Battle mage",
    "id": 1611,
    "x": 3098,
    "y": 3940,
    "z": 0,
    "direction": "S",
    "walkRange": 4
  },
  {
    "name": "Battle mage",
    "id": 1611,
    "x": 3100,
    "y": 3932,
    "z": 0,
    "direction": "S",
    "walkRange": 4
  },
  {
    "name": "Battle mage",
    "id": 1611,
    "x": 3100,
    "y": 3924,
    "z": 0,
    "direction": "S",
    "walkRange": 4
  },
  {
    "name": "Battle mage",
    "id": 1611,
    "x": 3108,
    "y": 3925,
    "z": 0,
    "direction": "S",
    "walkRange": 4
  },
  {
    "name": "Battle mage",
    "id": 1612,
    "x": 3106,
    "y": 3931,
    "z": 0,
    "direction": "S",
    "walkRange": 4
  },
  {
    "name": "Battle mage",
    "id": 1612,
    "x": 3100,
    "y": 3936,
    "z": 0,
    "direction": "S",
    "walkRange": 4
  },
  {
    "name": "Battle mage",
    "id": 1612,
    "x": 3108,
    "y": 3936,
    "z": 0,
    "direction": "S",
    "walkRange": 4
  },
  {
    "name": "Battle mage",
    "id": 1612,
    "x": 3109,
    "y": 3928,
    "z": 0,
    "direction": "S",
    "walkRange": 4
  },
  {
    "name": "Battle mage",
    "id": 1612,
    "x": 3103,
    "y": 3943,
    "z": 0,
    "direction": "S",
    "walkRange": 4
  },
  {
    "name": "Battle mage",
    "id": 1612,
    "x": 3109,
    "y": 3943,
    "z": 0,
    "direction": "S",
    "walkRange": 4
  },
  {
    "name": "Battle mage",
    "id": 1612,
    "x": 3105,
    "y": 3929,
    "z": 0,
    "direction": "S",
    "walkRange": 4
  },
  {
    "name": "Elder Chaos druid",
    "id": 6607,
    "x": 3237,
    "y": 3630,
    "z": 0,
    "direction": "S",
    "walkRange": 4
  },
  {
    "name": "Elder Chaos druid",
    "id": 6607,
    "x": 3237,
    "y": 3625,
    "z": 0,
    "direction": "S",
    "walkRange": 4
  },
  {
    "name": "Elder Chaos druid",
    "id": 6607,
    "x": 3234,
    "y": 3621,
    "z": 0,
    "direction": "S",
    "walkRange": 4
  },
  {
    "name": "Elder Chaos druid",
    "id": 6607,
    "x": 3231,
    "y": 3618,
    "z": 0,
    "direction": "S",
    "walkRange": 4
  },
  {
    "name": "Elder Chaos druid",
    "id": 6607,
    "x": 3242,
    "y": 3618,
    "z": 0,
    "direction": "S",
    "walkRange": 4
  },
  {
    "name": "Elder Chaos druid",
    "id": 6607,
    "x": 3242,
    "y": 3621,
    "z": 0,
    "direction": "S",
    "walkRange": 4
  },
  {
    "name": "Elder Chaos druid",
    "id": 6607,
    "x": 3230,
    "y": 3605,
    "z": 0,
    "direction": "S",
    "walkRange": 4
  },
  {
    "name": "Elder Chaos druid",
    "id": 6607,
    "x": 3235,
    "y": 3600,
    "z": 0,
    "direction": "S",
    "walkRange": 4
  },
  {
    "name": "Elder Chaos druid",
    "id": 6607,
    "x": 3244,
    "y": 3600,
    "z": 0,
    "direction": "S",
    "walkRange": 4
  },
  {
    "name": "Elder Chaos druid",
    "id": 6607,
    "x": 3251,
    "y": 3610,
    "z": 0,
    "direction": "S",
    "walkRange": 4
  },
  {
    "name": "Elder Chaos druid",
    "id": 6607,
    "x": 3241,
    "y": 3621,
    "z": 0,
    "direction": "S",
    "walkRange": 4
  },
  {
    "name": "Elder Chaos druid",
    "id": 6607,
    "x": 3224,
    "y": 3612,
    "z": 0,
    "direction": "S",
    "walkRange": 4
  },
  {
    "name": "Elder Chaos druid",
    "id": 6607,
    "x": 3231,
    "y": 3608,
    "z": 0,
    "direction": "S",
    "walkRange": 4
  },
  {
    "name": "Elder Chaos druid",
    "id": 6607,
    "x": 3223,
    "y": 3611,
    "z": 0,
    "direction": "S",
    "walkRange": 4
  },
  {
    "name": "Elder Chaos druid",
    "id": 6607,
    "x": 3248,
    "y": 3604,
    "z": 0,
    "direction": "S",
    "walkRange": 4
  },
  {
    "name": "Elder Chaos druid",
    "id": 6607,
    "x": 3237,
    "y": 3619,
    "z": 0,
    "direction": "S",
    "walkRange": 4
  },
  {
    "name": "Elder Chaos druid",
    "id": 6607,
    "x": 3239,
    "y": 3600,
    "z": 0,
    "direction": "S",
    "walkRange": 4
  },
  {
    "name": "Callisto",
    "id": 6609,
    "x": 3291,
    "y": 3847,
    "z": 0,
    "direction": "ne",
    "walkRange": 8
  },
  {
    "name": "Venenatis",
    "id": 6610,
    "x": 3339,
    "y": 3741,
    "z": 0,
    "direction": "S",
    "walkRange": 9
  },
  {
    "name": "Chaos Fanatic",
    "id": 6619,
    "x": 2980,
    "y": 3847,
    "z": 0,
    "direction": "S",
    "walkRange": 8
  },
  {
    "name": "Crazy archaeologist",
    "id": 6618,
    "x": 2977,
    "y": 3702,
    "z": 0,
    "direction": "S",
    "walkRange": 8
  },
  {
    "name": "Chaos Elemental",
    "id": 2054,
    "x": 3253,
    "y": 3925,
    "z": 0,
    "direction": "S",
    "walkRange": 23
  },
  {
    "name": "Vet\u0027ion",
    "id": 6611,
    "x": 3224,
    "y": 3790,
    "z": 0,
    "direction": "S",
    "walkRange": 10
  },
  {
    "name": "Scorpia\u0027s offspring",
    "id": 6616,
    "x": 3221,
    "y": 10336,
    "z": 0,
    "direction": "S",
    "walkRange": 1
  },
  {
    "name": "Scorpia\u0027s offspring",
    "id": 6616,
    "x": 3221,
    "y": 10339,
    "z": 0,
    "direction": "S",
    "walkRange": 1
  },
  {
    "name": "Scorpia\u0027s offspring",
    "id": 6616,
    "x": 3221,
    "y": 10344,
    "z": 0,
    "direction": "S",
    "walkRange": 2
  },
  {
    "name": "Scorpia\u0027s offspring",
    "id": 6616,
    "x": 3221,
    "y": 10349,
    "z": 0,
    "direction": "S",
    "walkRange": 2
  },
  {
    "name": "Scorpia\u0027s offspring",
    "id": 6616,
    "x": 3223,
    "y": 10333,
    "z": 0,
    "direction": "S",
    "walkRange": 2
  },
  {
    "name": "Scorpia\u0027s offspring",
    "id": 6616,
    "x": 3223,
    "y": 10347,
    "z": 0,
    "direction": "S",
    "walkRange": 2
  },
  {
    "name": "Scorpia\u0027s offspring",
    "id": 6616,
    "x": 3224,
    "y": 10336,
    "z": 0,
    "direction": "S",
    "walkRange": 2
  },
  {
    "name": "Scorpia\u0027s offspring",
    "id": 6616,
    "x": 3225,
    "y": 10349,
    "z": 0,
    "direction": "S",
    "walkRange": 2
  },
  {
    "name": "Scorpia\u0027s offspring",
    "id": 6616,
    "x": 3229,
    "y": 10333,
    "z": 0,
    "direction": "S",
    "walkRange": 2
  },
  {
    "name": "Scorpia\u0027s offspring",
    "id": 6616,
    "x": 3230,
    "y": 10349,
    "z": 0,
    "direction": "S",
    "walkRange": 2
  },
  {
    "name": "Scorpia\u0027s offspring",
    "id": 6616,
    "x": 3231,
    "y": 10344,
    "z": 0,
    "direction": "S",
    "walkRange": 2
  },
  {
    "name": "Scorpia\u0027s offspring",
    "id": 6616,
    "x": 3233,
    "y": 10333,
    "z": 0,
    "direction": "S",
    "walkRange": 2
  },
  {
    "name": "Scorpia",
    "id": 6615,
    "x": 3234,
    "y": 10340,
    "z": 0,
    "direction": "S",
    "walkRange": 8
  },
  {
    "name": "Scorpia\u0027s offspring",
    "id": 6616,
    "x": 3233,
    "y": 10348,
    "z": 0,
    "direction": "S",
    "walkRange": 2
  },
  {
    "name": "Scorpia\u0027s offspring",
    "id": 6616,
    "x": 3234,
    "y": 10339,
    "z": 0,
    "direction": "S",
    "walkRange": 2
  },
  {
    "name": "Scorpia\u0027s offspring",
    "id": 6616,
    "x": 3237,
    "y": 10333,
    "z": 0,
    "direction": "S",
    "walkRange": 2
  },
  {
    "name": "Scorpia\u0027s offspring",
    "id": 6616,
    "x": 3237,
    "y": 10349,
    "z": 0,
    "direction": "S",
    "walkRange": 2
  },
  {
    "name": "Scorpia\u0027s offspring",
    "id": 6616,
    "x": 3238,
    "y": 10344,
    "z": 0,
    "direction": "S",
    "walkRange": 2
  },
  {
    "name": "Scorpia\u0027s offspring",
    "id": 6616,
    "x": 3241,
    "y": 10333,
    "z": 0,
    "direction": "S",
    "walkRange": 2
  },
  {
    "name": "Scorpia\u0027s offspring",
    "id": 6616,
    "x": 3241,
    "y": 10349,
    "z": 0,
    "direction": "S",
    "walkRange": 2
  },
  {
    "name": "Scorpia\u0027s offspring",
    "id": 6616,
    "x": 3242,
    "y": 10336,
    "z": 0,
    "direction": "S",
    "walkRange": 2
  },
  {
    "name": "Wolf",
    "id": 106,
    "x": 3222,
    "y": 3928,
    "z": 0,
    "direction": "S",
    "walkRange": 2
  },
  {
    "name": "Scorpia\u0027s offspring",
    "id": 6616,
    "x": 3242,
    "y": 10347,
    "z": 0,
    "direction": "S",
    "walkRange": 2
  },
  {
    "name": "Scorpia\u0027s offspring",
    "id": 6616,
    "x": 3244,
    "y": 10349,
    "z": 0,
    "direction": "S",
    "walkRange": 2
  },
  {
    "name": "Scorpion",
    "id": 3024,
    "x": 3225,
    "y": 3944,
    "z": 0,
    "direction": "S",
    "walkRange": 2
  },
  {
    "name": "Scorpia\u0027s offspring",
    "id": 6616,
    "x": 3244,
    "y": 10333,
    "z": 0,
    "direction": "S",
    "walkRange": 1
  },
  {
    "name": "Scorpia\u0027s offspring",
    "id": 6616,
    "x": 3244,
    "y": 10337,
    "z": 0,
    "direction": "S",
    "walkRange": 2
  },
  {
    "name": "Scorpion",
    "id": 3024,
    "x": 3234,
    "y": 3943,
    "z": 0,
    "direction": "S",
    "walkRange": 6
  },
  {
    "name": "Scorpia\u0027s offspring",
    "id": 6616,
    "x": 3244,
    "y": 10340,
    "z": 0,
    "direction": "S",
    "walkRange": 2
  },
  {
    "name": "Scorpion",
    "id": 3024,
    "x": 3234,
    "y": 3943,
    "z": 0,
    "direction": "S",
    "walkRange": 7
  },
  {
    "name": "Scorpia\u0027s offspring",
    "id": 6616,
    "x": 3244,
    "y": 10344,
    "z": 0,
    "direction": "S",
    "walkRange": 2
  },
  {
    "name": "Scorpion",
    "id": 3024,
    "x": 3240,
    "y": 3942,
    "z": 0,
    "direction": "S",
    "walkRange": 5
  },
  {
    "name": "Wolf",
    "id": 106,
    "x": 3236,
    "y": 3923,
    "z": 0,
    "direction": "S",
    "walkRange": 0
  },
  {
    "name": "Scorpia\u0027s offspring",
    "id": 6616,
    "x": 3244,
    "y": 10347,
    "z": 0,
    "direction": "S",
    "walkRange": 2
  },
  {
    "name": "Scorpion",
    "id": 3024,
    "x": 3242,
    "y": 3944,
    "z": 0,
    "direction": "S",
    "walkRange": 4
  },
  {
    "name": "Scorpion",
    "id": 3024,
    "x": 3249,
    "y": 3949,
    "z": 0,
    "direction": "S",
    "walkRange": 2
  },
  {
    "name": "Scorpion",
    "id": 3024,
    "x": 3257,
    "y": 3952,
    "z": 0,
    "direction": "S",
    "walkRange": 2
  },
  {
    "name": "\u003ccol\u003d00ffff\u003eBoulder\u003c/col\u003e",
    "id": 6621,
    "x": 3053,
    "y": 10165,
    "z": 3,
    "direction": "S",
    "walkRange": 0
  },
  {
    "name": "Aviansie",
    "id": 3179,
    "x": 3018,
    "y": 10161,
    "z": 0,
    "direction": "S",
    "walkRange": 6
  },
  {
    "name": "Aviansie",
    "id": 3182,
    "x": 3028,
    "y": 10153,
    "z": 0,
    "direction": "S",
    "walkRange": 6
  },
  {
    "name": "Spiritual mage",
    "id": 3161,
    "x": 3023,
    "y": 10163,
    "z": 0,
    "direction": "S",
    "walkRange": 6
  },
  {
    "name": "Spiritual warrior",
    "id": 2210,
    "x": 3024,
    "y": 10123,
    "z": 0,
    "direction": "S",
    "walkRange": 6
  },
  {
    "name": "Spiritual warrior",
    "id": 3159,
    "x": 3023,
    "y": 10123,
    "z": 0,
    "direction": "S",
    "walkRange": 6
  },
  {
    "name": "Spiritual ranger",
    "id": 3167,
    "x": 3021,
    "y": 10146,
    "z": 0,
    "direction": "S",
    "walkRange": 6
  },
  {
    "name": "Aviansie",
    "id": 3175,
    "x": 3021,
    "y": 10160,
    "z": 0,
    "direction": "S",
    "walkRange": 6
  },
  {
    "name": "Knight of Saradomin",
    "id": 2213,
    "x": 3022,
    "y": 10127,
    "z": 0,
    "direction": "S",
    "walkRange": 6
  },
  {
    "name": "Spiritual ranger",
    "id": 3160,
    "x": 3026,
    "y": 10156,
    "z": 0,
    "direction": "S",
    "walkRange": 6
  },
  {
    "name": "Spiritual ranger",
    "id": 3160,
    "x": 3027,
    "y": 10123,
    "z": 0,
    "direction": "S",
    "walkRange": 6
  },
  {
    "name": "Spiritual ranger",
    "id": 2211,
    "x": 3021,
    "y": 10127,
    "z": 0,
    "direction": "S",
    "walkRange": 6
  },
  {
    "name": "Aviansie",
    "id": 3171,
    "x": 3023,
    "y": 10150,
    "z": 0,
    "direction": "S",
    "walkRange": 6
  },
  {
    "name": "Spiritual mage",
    "id": 3168,
    "x": 3023,
    "y": 10144,
    "z": 0,
    "direction": "S",
    "walkRange": 6
  },
  {
    "name": "Aviansie",
    "id": 3183,
    "x": 3033,
    "y": 10142,
    "z": 0,
    "direction": "S",
    "walkRange": 6
  },
  {
    "name": "Spiritual warrior",
    "id": 3166,
    "x": 3024,
    "y": 10155,
    "z": 0,
    "direction": "S",
    "walkRange": 6
  },
  {
    "name": "Aviansie",
    "id": 3169,
    "x": 3026,
    "y": 10164,
    "z": 0,
    "direction": "S",
    "walkRange": 6
  },
  {
    "name": "Spiritual warrior",
    "id": 2210,
    "x": 3028,
    "y": 10122,
    "z": 0,
    "direction": "S",
    "walkRange": 6
  },
  {
    "name": "Spiritual mage",
    "id": 3161,
    "x": 3025,
    "y": 10125,
    "z": 0,
    "direction": "S",
    "walkRange": 6
  },
  {
    "name": "Aviansie",
    "id": 3177,
    "x": 3029,
    "y": 10159,
    "z": 0,
    "direction": "S",
    "walkRange": 6
  },
  {
    "name": "Spiritual ranger",
    "id": 2211,
    "x": 3028,
    "y": 10123,
    "z": 0,
    "direction": "S",
    "walkRange": 6
  },
  {
    "name": "Knight of Saradomin",
    "id": 2214,
    "x": 3032,
    "y": 10128,
    "z": 0,
    "direction": "S",
    "walkRange": 6
  },
  {
    "name": "Spiritual mage",
    "id": 2212,
    "x": 3033,
    "y": 10125,
    "z": 0,
    "direction": "S",
    "walkRange": 6
  },
  {
    "name": "Knight of Saradomin",
    "id": 2213,
    "x": 3033,
    "y": 10127,
    "z": 0,
    "direction": "S",
    "walkRange": 6
  },
  {
    "name": "Spiritual ranger",
    "id": 3167,
    "x": 3028,
    "y": 10146,
    "z": 0,
    "direction": "S",
    "walkRange": 6
  },
  {
    "name": "Aviansie",
    "id": 3181,
    "x": 3031,
    "y": 10149,
    "z": 0,
    "direction": "S",
    "walkRange": 6
  },
  {
    "name": "Knight of Saradomin",
    "id": 2214,
    "x": 3034,
    "y": 10124,
    "z": 0,
    "direction": "S",
    "walkRange": 6
  },
  {
    "name": "Spiritual mage",
    "id": 3168,
    "x": 3034,
    "y": 10148,
    "z": 0,
    "direction": "S",
    "walkRange": 6
  },
  {
    "name": "Spiritual mage",
    "id": 3161,
    "x": 3031,
    "y": 10144,
    "z": 0,
    "direction": "S",
    "walkRange": 6
  },
  {
    "name": "Feral Vampyre",
    "id": 3137,
    "x": 3035,
    "y": 10140,
    "z": 0,
    "direction": "S",
    "walkRange": 6
  },
  {
    "name": "Spiritual mage",
    "id": 3161,
    "x": 3040,
    "y": 10124,
    "z": 0,
    "direction": "S",
    "walkRange": 6
  },
  {
    "name": "Feral Vampyre",
    "id": 3137,
    "x": 3041,
    "y": 10139,
    "z": 0,
    "direction": "S",
    "walkRange": 6
  },
  {
    "name": "Spiritual warrior",
    "id": 3159,
    "x": 3037,
    "y": 10147,
    "z": 0,
    "direction": "S",
    "walkRange": 6
  },
  {
    "name": "Spiritual warrior",
    "id": 3166,
    "x": 3032,
    "y": 10151,
    "z": 0,
    "direction": "S",
    "walkRange": 6
  },
  {
    "name": "Icefiend",
    "id": 3140,
    "x": 3037,
    "y": 10129,
    "z": 0,
    "direction": "S",
    "walkRange": 6
  },
  {
    "name": "Pyrefiend",
    "id": 3139,
    "x": 3038,
    "y": 10131,
    "z": 0,
    "direction": "S",
    "walkRange": 6
  },
  {
    "name": "Spiritual warrior",
    "id": 3159,
    "x": 3037,
    "y": 10138,
    "z": 0,
    "direction": "S",
    "walkRange": 6
  },
  {
    "name": "Spiritual mage",
    "id": 2212,
    "x": 3037,
    "y": 10130,
    "z": 0,
    "direction": "S",
    "walkRange": 6
  },
  {
    "name": "Imp",
    "id": 3134,
    "x": 3043,
    "y": 10141,
    "z": 0,
    "direction": "S",
    "walkRange": 6
  },
  {
    "name": "Ork",
    "id": 2237,
    "x": 3036,
    "y": 10146,
    "z": 0,
    "direction": "S",
    "walkRange": 6
  },
  {
    "name": "Spiritual mage",
    "id": 3161,
    "x": 3038,
    "y": 10153,
    "z": 0,
    "direction": "S",
    "walkRange": 6
  },
  {
    "name": "Bloodveld",
    "id": 3138,
    "x": 3044,
    "y": 10141,
    "z": 0,
    "direction": "S",
    "walkRange": 6
  },
  {
    "name": "Icefiend",
    "id": 3140,
    "x": 3038,
    "y": 10129,
    "z": 0,
    "direction": "S",
    "walkRange": 2
  },
  {
    "name": "Pyrefiend",
    "id": 3139,
    "x": 3044,
    "y": 10127,
    "z": 0,
    "direction": "S",
    "walkRange": 6
  },
  {
    "name": "Spiritual warrior",
    "id": 2243,
    "x": 3047,
    "y": 10133,
    "z": 0,
    "direction": "S",
    "walkRange": 6
  },
  {
    "name": "Spiritual warrior",
    "id": 3159,
    "x": 3042,
    "y": 10144,
    "z": 0,
    "direction": "S",
    "walkRange": 6
  },
  {
    "name": "Ork",
    "id": 2240,
    "x": 3049,
    "y": 10129,
    "z": 0,
    "direction": "S",
    "walkRange": 6
  },
  {
    "name": "Spiritual ranger",
    "id": 3160,
    "x": 3048,
    "y": 10137,
    "z": 0,
    "direction": "S",
    "walkRange": 9
  },
  {
    "name": "Spiritual mage",
    "id": 3161,
    "x": 3048,
    "y": 10142,
    "z": 0,
    "direction": "S",
    "walkRange": 6
  },
  {
    "name": "Ork",
    "id": 2240,
    "x": 3048,
    "y": 10131,
    "z": 0,
    "direction": "S",
    "walkRange": 6
  },
  {
    "name": "Werewolf",
    "id": 3135,
    "x": 3037,
    "y": 10131,
    "z": 0,
    "direction": "S",
    "walkRange": 6
  },
  {
    "name": "Spiritual ranger",
    "id": 3160,
    "x": 3047,
    "y": 10138,
    "z": 0,
    "direction": "S",
    "walkRange": 6
  },
  {
    "name": "Imp",
    "id": 3134,
    "x": 3051,
    "y": 10140,
    "z": 0,
    "direction": "S",
    "walkRange": 6
  },
  {
    "name": "Goblin",
    "id": 2248,
    "x": 3041,
    "y": 10127,
    "z": 0,
    "direction": "S",
    "walkRange": 6
  },
  {
    "name": "Spiritual ranger",
    "id": 3160,
    "x": 3049,
    "y": 10135,
    "z": 0,
    "direction": "S",
    "walkRange": 6
  },
  {
    "name": "Spiritual mage",
    "id": 2244,
    "x": 3048,
    "y": 10123,
    "z": 0,
    "direction": "S",
    "walkRange": 6
  },
  {
    "name": "Bloodveld",
    "id": 3138,
    "x": 3049,
    "y": 10140,
    "z": 0,
    "direction": "S",
    "walkRange": 6
  },
  {
    "name": "Ork",
    "id": 2238,
    "x": 3050,
    "y": 10128,
    "z": 0,
    "direction": "S",
    "walkRange": 6
  },
  {
    "name": "Ork",
    "id": 2238,
    "x": 3053,
    "y": 10119,
    "z": 0,
    "direction": "S",
    "walkRange": 6
  },
  {
    "name": "Goblin",
    "id": 2249,
    "x": 3051,
    "y": 10130,
    "z": 0,
    "direction": "S",
    "walkRange": 6
  },
  {
    "name": "Werewolf",
    "id": 3136,
    "x": 3046,
    "y": 10137,
    "z": 0,
    "direction": "S",
    "walkRange": 6
  },
  {
    "name": "Spiritual mage",
    "id": 2244,
    "x": 3051,
    "y": 10125,
    "z": 0,
    "direction": "S",
    "walkRange": 6
  },
  {
    "name": "Gorak",
    "id": 3141,
    "x": 3054,
    "y": 10131,
    "z": 0,
    "direction": "S",
    "walkRange": 6
  },
  {
    "name": "Spiritual warrior",
    "id": 3159,
    "x": 3057,
    "y": 10125,
    "z": 0,
    "direction": "S",
    "walkRange": 6
  },
  {
    "name": "Imp",
    "id": 3134,
    "x": 3057,
    "y": 10137,
    "z": 0,
    "direction": "S",
    "walkRange": 6
  },
  {
    "name": "Ork",
    "id": 2237,
    "x": 3058,
    "y": 10122,
    "z": 0,
    "direction": "S",
    "walkRange": 6
  },
  {
    "name": "Spiritual warrior",
    "id": 2243,
    "x": 3049,
    "y": 10123,
    "z": 0,
    "direction": "S",
    "walkRange": 6
  },
  {
    "name": "Gorak",
    "id": 3141,
    "x": 3055,
    "y": 10132,
    "z": 0,
    "direction": "S",
    "walkRange": 6
  },
  {
    "name": "Ogre",
    "id": 2233,
    "x": 3055,
    "y": 10134,
    "z": 0,
    "direction": "S",
    "walkRange": 6
  },
  {
    "name": "Spiritual ranger",
    "id": 2242,
    "x": 3051,
    "y": 10126,
    "z": 0,
    "direction": "S",
    "walkRange": 6
  },
  {
    "name": "Ork",
    "id": 2237,
    "x": 3058,
    "y": 10120,
    "z": 0,
    "direction": "S",
    "walkRange": 6
  },
  {
    "name": "Spiritual ranger",
    "id": 3160,
    "x": 3060,
    "y": 10132,
    "z": 0,
    "direction": "S",
    "walkRange": 6
  },
  {
    "name": "Spiritual ranger",
    "id": 2242,
    "x": 3057,
    "y": 10132,
    "z": 0,
    "direction": "S",
    "walkRange": 6
  },
  {
    "name": "Ork",
    "id": 2237,
    "x": 3060,
    "y": 10130,
    "z": 0,
    "direction": "S",
    "walkRange": 6
  },
  {
    "name": "Chaos dwarf",
    "id": 291,
    "x": 3009,
    "y": 3752,
    "z": 0,
    "direction": "S",
    "walkRange": 6
  },
  {
    "name": "Chaos dwarf",
    "id": 291,
    "x": 3012,
    "y": 3766,
    "z": 0,
    "direction": "S",
    "walkRange": 6
  },
  {
    "name": "Chaos dwarf",
    "id": 291,
    "x": 3022,
    "y": 3770,
    "z": 0,
    "direction": "S",
    "walkRange": 6
  },
  {
    "name": "Chaos dwarf",
    "id": 291,
    "x": 3034,
    "y": 3767,
    "z": 0,
    "direction": "S",
    "walkRange": 6
  },
  {
    "name": "Scorpion",
    "id": 3024,
    "x": 3077,
    "y": 3845,
    "z": 0,
    "direction": "S",
    "walkRange": 2,
    "world": "ECO"
  },
  {
    "name": "Scorpion",
    "id": 3024,
    "x": 3089,
    "y": 3840,
    "z": 0,
    "direction": "S",
    "walkRange": 2,
    "world": "ECO"
  },
  {
    "name": "Hill Giant",
    "id": 2101,
    "x": 3098,
    "y": 3851,
    "z": 0,
    "direction": "S",
    "walkRange": 2,
    "world": "ECO"
  },
  {
    "name": "Hill Giant",
    "id": 2101,
    "x": 3109,
    "y": 3853,
    "z": 0,
    "direction": "S",
    "walkRange": 2,
    "world": "ECO"
  },
  {
    "name": "Hill Giant",
    "id": 2101,
    "x": 3117,
    "y": 3855,
    "z": 0,
    "direction": "S",
    "walkRange": 2,
    "world": "ECO"
  },
  {
    "name": "Greater demon",
    "id": 2030,
    "x": 3029,
    "y": 10251,
    "z": 0,
    "direction": "S",
    "walkRange": 5,
    "world": "ECO"
  },
  {
    "name": "Greater demon",
    "id": 2031,
    "x": 3036,
    "y": 10245,
    "z": 0,
    "direction": "S",
    "walkRange": 6,
    "world": "ECO"
  },
  {
    "name": "Greater demon",
    "id": 2032,
    "x": 3033,
    "y": 10259,
    "z": 0,
    "direction": "S",
    "walkRange": 6,
    "world": "ECO"
  },
  {
    "name": "Poison spider",
    "id": 3023,
    "x": 3042,
    "y": 10262,
    "z": 0,
    "direction": "S",
    "walkRange": 3
  },
  {
    "name": "Poison spider",
    "id": 3023,
    "x": 3040,
    "y": 10255,
    "z": 0,
    "direction": "S",
    "walkRange": 3
  },
  {
    "name": "Poison spider",
    "id": 3023,
    "x": 3044,
    "y": 10252,
    "z": 0,
    "direction": "S",
    "walkRange": 3
  },
  {
    "name": "Poison spider",
    "id": 3023,
    "x": 3050,
    "y": 10255,
    "z": 0,
    "direction": "S",
    "walkRange": 3
  },
  {
    "name": "Poison spider",
    "id": 3023,
    "x": 3031,
    "y": 10255,
    "z": 0,
    "direction": "S",
    "walkRange": 3
  },
  {
    "name": "Poison spider",
    "id": 3023,
    "x": 3048,
    "y": 10264,
    "z": 0,
    "direction": "S",
    "walkRange": 3
  },
  {
    "name": "Poison spider",
    "id": 3023,
    "x": 3052,
    "y": 10276,
    "z": 0,
    "direction": "S",
    "walkRange": 3
  },
  {
    "name": "Black dragon",
    "id": 255,
    "x": 3052,
    "y": 10268,
    "z": 0,
    "direction": "S",
    "walkRange": 3,
    "world": "ECO"
  },
  {
    "name": "Black dragon",
    "id": 256,
    "x": 3054,
    "y": 10272,
    "z": 0,
    "direction": "S",
    "walkRange": 3,
    "world": "ECO"
  },
  {
    "name": "Black unicorn",
    "id": 2849,
    "x": 3209,
    "y": 3688,
    "z": 0,
    "direction": "S",
    "walkRange": 6
  },
  {
    "name": "Ent",
    "id": 6594,
    "x": 3219,
    "y": 3697,
    "z": 0,
    "direction": "S",
    "walkRange": 6
  },
  {
    "name": "Black unicorn",
    "id": 2849,
    "x": 3211,
    "y": 3687,
    "z": 0,
    "direction": "S",
    "walkRange": 6
  },
  {
    "name": "Black unicorn",
    "id": 2849,
    "x": 3214,
    "y": 3674,
    "z": 0,
    "direction": "S",
    "walkRange": 6
  },
  {
    "name": "Ent",
    "id": 6594,
    "x": 3215,
    "y": 3681,
    "z": 0,
    "direction": "S",
    "walkRange": 6
  },
  {
    "name": "Ent",
    "id": 6594,
    "x": 3227,
    "y": 3692,
    "z": 0,
    "direction": "S",
    "walkRange": 6
  },
  {
    "name": "Black unicorn",
    "id": 2849,
    "x": 3229,
    "y": 3682,
    "z": 0,
    "direction": "S",
    "walkRange": 6
  },
  {
    "name": "Ent",
    "id": 6594,
    "x": 3195,
    "y": 3680,
    "z": 0,
    "direction": "S",
    "walkRange": 6
  },
  {
    "name": "Ent",
    "id": 6594,
    "x": 3201,
    "y": 3674,
    "z": 0,
    "direction": "S",
    "walkRange": 6
  },
  {
    "name": "Ent",
    "id": 6594,
    "x": 3205,
    "y": 3687,
    "z": 0,
    "direction": "S",
    "walkRange": 6
  },
  {
    "name": "Black unicorn",
    "id": 2849,
    "x": 3203,
    "y": 3686,
    "z": 0,
    "direction": "S",
    "walkRange": 6
  },
  {
    "name": "Black unicorn",
    "id": 2849,
    "x": 3224,
    "y": 3674,
    "z": 0,
    "direction": "S",
    "walkRange": 6
  },
  {
    "name": "Black unicorn",
    "id": 2849,
    "x": 3209,
    "y": 3677,
    "z": 0,
    "direction": "S",
    "walkRange": 6
  },
  {
    "name": "Black unicorn",
    "id": 2849,
    "x": 3204,
    "y": 3688,
    "z": 0,
    "direction": "S",
    "walkRange": 6
  },
  {
    "name": "Grizzly bear",
    "id": 2838,
    "x": 3092,
    "y": 3606,
    "z": 0,
    "direction": "S",
    "walkRange": 4
  },
  {
    "name": "Grizzly bear",
    "id": 2838,
    "x": 3103,
    "y": 3605,
    "z": 0,
    "direction": "S",
    "walkRange": 4
  },
  {
    "name": "Grizzly bear",
    "id": 2838,
    "x": 3106,
    "y": 3597,
    "z": 0,
    "direction": "S",
    "walkRange": 4
  },
  {
    "name": "Scorpion",
    "id": 3024,
    "x": 3067,
    "y": 3561,
    "z": 0,
    "direction": "S",
    "walkRange": 6
  },
  {
    "name": "Scorpion",
    "id": 3024,
    "x": 3063,
    "y": 3571,
    "z": 0,
    "direction": "S",
    "walkRange": 6
  },
  {
    "name": "Scorpion",
    "id": 3024,
    "x": 3058,
    "y": 3560,
    "z": 0,
    "direction": "S",
    "walkRange": 6
  },
  {
    "name": "Scorpion",
    "id": 3024,
    "x": 3052,
    "y": 3563,
    "z": 0,
    "direction": "S",
    "walkRange": 6
  },
  {
    "name": "Scorpion",
    "id": 3024,
    "x": 3048,
    "y": 3572,
    "z": 0,
    "direction": "S",
    "walkRange": 6
  },
  {
    "name": "Scorpion",
    "id": 3024,
    "x": 3049,
    "y": 3580,
    "z": 0,
    "direction": "S",
    "walkRange": 6
  },
  {
    "name": "Scorpion",
    "id": 3024,
    "x": 3041,
    "y": 3581,
    "z": 0,
    "direction": "S",
    "walkRange": 6
  },
  {
    "name": "Scorpion",
    "id": 3024,
    "x": 3038,
    "y": 3575,
    "z": 0,
    "direction": "S",
    "walkRange": 6
  },
  {
    "name": "Goblin",
    "id": 3029,
    "x": 3580,
    "y": 3677,
    "z": 0,
    "direction": "S",
    "walkRange": 6
  },
  {
    "name": "Poison spider",
    "id": 3023,
    "x": 3574,
    "y": 3688,
    "z": 0,
    "direction": "S",
    "walkRange": 6
  },
  {
    "name": "Skeleton",
    "id": 70,
    "x": 3012,
    "y": 3592,
    "z": 0,
    "direction": "S",
    "walkRange": 4
  },
  {
    "name": "Skeleton",
    "id": 71,
    "x": 3015,
    "y": 3593,
    "z": 0,
    "direction": "S",
    "walkRange": 4
  },
  {
    "name": "Skeleton",
    "id": 72,
    "x": 3017,
    "y": 3595,
    "z": 0,
    "direction": "S",
    "walkRange": 4
  },
  {
    "name": "Skeleton",
    "id": 73,
    "x": 3021,
    "y": 3594,
    "z": 0,
    "direction": "S",
    "walkRange": 4
  },
  {
    "name": "Skeleton",
    "id": 72,
    "x": 3022,
    "y": 3590,
    "z": 0,
    "direction": "S",
    "walkRange": 4
  },
  {
    "name": "Skeleton",
    "id": 70,
    "x": 3019,
    "y": 3588,
    "z": 0,
    "direction": "S",
    "walkRange": 4
  },
  {
    "name": "Skeleton",
    "id": 71,
    "x": 3010,
    "y": 3587,
    "z": 0,
    "direction": "S",
    "walkRange": 4
  },
  {
    "name": "Skeleton",
    "id": 73,
    "x": 3016,
    "y": 3584,
    "z": 0,
    "direction": "S",
    "walkRange": 4
  },
  {
    "name": "Skeleton",
    "id": 72,
    "x": 3014,
    "y": 3599,
    "z": 0,
    "direction": "S",
    "walkRange": 4
  },
  {
    "name": "Skeleton",
    "id": 70,
    "x": 3012,
    "y": 3599,
    "z": 0,
    "direction": "S",
    "walkRange": 4
  },
  {
    "name": "Skeleton",
    "id": 71,
    "x": 3015,
    "y": 3589,
    "z": 0,
    "direction": "S",
    "walkRange": 4
  },
  {
    "name": "Skeleton",
    "id": 73,
    "x": 3024,
    "y": 3590,
    "z": 0,
    "direction": "S",
    "walkRange": 4
  },
  {
    "name": "Black salamander",
    "id": 2905,
    "x": 3296,
    "y": 3670,
    "z": 0,
    "direction": "S",
    "walkRange": 3
  },
  {
    "name": "Black salamander",
    "id": 2905,
    "x": 3297,
    "y": 3672,
    "z": 0,
    "direction": "S",
    "walkRange": 3
  },
  {
    "name": "Black salamander",
    "id": 2905,
    "x": 3296,
    "y": 3674,
    "z": 0,
    "direction": "S",
    "walkRange": 3
  },
  {
    "name": "Black salamander",
    "id": 2905,
    "x": 3297,
    "y": 3677,
    "z": 0,
    "direction": "S",
    "walkRange": 3
  },
  {
    "name": "Black salamander",
    "id": 2905,
    "x": 3300,
    "y": 3673,
    "z": 0,
    "direction": "S",
    "walkRange": 3
  },
  {
    "name": "Black salamander",
    "id": 2905,
    "x": 3297,
    "y": 3668,
    "z": 0,
    "direction": "S",
    "walkRange": 3
  },
  {
    "name": "Black salamander",
    "id": 2905,
    "x": 3294,
    "y": 3667,
    "z": 0,
    "direction": "S",
    "walkRange": 3
  },
  {
    "name": "Rift Nurse",
    "id": 3343,
    "x": 2539,
    "y": 4718,
    "z": 0,
    "direction": "S",
    "walkRange": 1
  },
  {
    "name": "Dark Crab Fishing Spot",
    "id": 1535,
    "x": 3186,
    "y": 3926,
    "z": 0,
    "direction": "S",
    "walkRange": 0
  },
  {
    "name": "Dark Crab Fishing Spot",
    "id": 1535,
    "x": 3184,
    "y": 3926,
    "z": 0,
    "direction": "S",
    "walkRange": 0
  },
  {
    "name": "Dark Crab Fishing Spot",
    "id": 1535,
    "x": 3187,
    "y": 3927,
    "z": 0,
    "direction": "S",
    "walkRange": 0
  },
  {
    "name": "Terror Dog",
    "id": 6473,
    "x": 3204,
    "y": 3888,
    "z": 0,
    "direction": "S",
    "walkRange": 3
  },
  {
    "name": "Terror Dog",
    "id": 6473,
    "x": 3196,
    "y": 3883,
    "z": 0,
    "direction": "S",
    "walkRange": 3
  },
  {
    "name": "Terror Dog",
    "id": 6473,
    "x": 3192,
    "y": 3889,
    "z": 0,
    "direction": "S",
    "walkRange": 3
  },
  {
    "name": "Terror Dog",
    "id": 6473,
    "x": 3196,
    "y": 3897,
    "z": 0,
    "direction": "S",
    "walkRange": 3
  },
  {
    "name": "Terror Dog",
    "id": 6473,
    "x": 3207,
    "y": 3895,
    "z": 0,
    "direction": "S",
    "walkRange": 3
  },
  {
    "name": "Tpiles",
    "id": 13,
    "x": 3086,
    "y": 3870,
    "z": 0,
    "direction": "S",
    "walkRange": 1
  },
  {
    "name": "Camarst",
    "id": 10392,
    "x": 3148,
    "y": 3643,
    "z": 0,
    "direction": "S",
    "walkRange": 3
  },
  {
    "name": "Derse Venator",
    "id": 10387,
    "x": 3151,
    "y": 3643,
    "z": 0,
    "direction": "S",
    "walkRange": 4
  },
  {
    "name": "Phabelle Bile",
    "id": 10386,
    "x": 3150,
    "y": 3642,
    "z": 0,
    "direction": "S",
    "walkRange": 4
  },
  {
    "name": "Andros Mai",
    "id": 10388,
    "x": 3150,
    "y": 3644,
    "z": 0,
    "direction": "S",
    "walkRange": 4
  },
  {
    "name": "Marten",
    "id": 10370,
    "x": 3153,
    "y": 3630,
    "z": 0,
    "direction": "S",
    "walkRange": 2
  },
  {
    "name": "Refugee",
    "id": 10382,
    "x": 3139,
    "y": 3626,
    "z": 0,
    "direction": "N",
    "walkRange": 0
  },
  {
    "name": "Mercenary",
    "id": 10390,
    "x": 3153,
    "y": 3628,
    "z": 0,
    "direction": "S",
    "walkRange": 3
  },
  {
    "name": "Banker",
    "id": 10389,
    "x": 3134,
    "y": 3630,
    "z": 0,
    "direction": "S",
    "walkRange": 2
  },
  {
    "name": "Zamorakian Acolyte",
    "id": 10379,
    "x": 3129,
    "y": 3628,
    "z": 0,
    "direction": "S",
    "walkRange": 2
  },
  {
    "name": "Zamorakian Acolyte",
    "id": 10380,
    "x": 3126,
    "y": 3629,
    "z": 0,
    "direction": "S",
    "walkRange": 2
  },
  {
    "name": "Zamorakian Acolyte",
    "id": 10381,
    "x": 3134,
    "y": 3633,
    "z": 0,
    "direction": "S",
    "walkRange": 2
  },
  {
    "name": "Ferox",
    "id": 10377,
    "x": 3129,
    "y": 3636,
    "z": 0,
    "direction": "S",
    "walkRange": 2
  },
  {
    "name": "Sister Scarophia",
    "id": 6590,
    "x": 3127,
    "y": 3635,
    "z": 0,
    "direction": "S",
    "walkRange": 2
  },
  {
    "name": "Justine",
    "id": 8721,
    "x": 3143,
    "y": 3634,
    "z": 0,
    "direction": "W",
    "walkRange": 0
  },
  {
    "name": "Refugee",
    "id": 10383,
    "x": 3135,
    "y": 3622,
    "z": 0,
    "direction": "S",
    "walkRange": 4
  },
  {
    "name": "Sigismund",
    "id": 10378,
    "x": 3129,
    "y": 3622,
    "z": 0,
    "direction": "S",
    "walkRange": 4
  },
  {
    "name": "Refugee",
    "id": 10385,
    "x": 3129,
    "y": 3617,
    "z": 0,
    "direction": "S",
    "walkRange": 0
  },
  {
    "name": "Lisa",
    "id": 7317,
    "x": 3141,
    "y": 3636,
    "z": 0,
    "direction": "S",
    "walkRange": 1
  },
  {
    "name": "Wizard",
    "id": 10373,
    "x": 3141,
    "y": 3644,
    "z": 0,
    "direction": "S",
    "walkRange": 1
  }
]