[
  {
    "name": "Winter Soldier",
    "id": 7379,
    "x": 1624,
    "y": 3932,
    "z": 0,
    "direction": "S",
    "walkRange": 3
  },
  {
    "name": "Winter Soldier",
    "id": 7379,
    "x": 1625,
    "y": 3937,
    "z": 0,
    "direction": "S",
    "walkRange": 4
  },
  {
    "name": "null",
    "id": 7375,
    "x": 1625,
    "y": 3943,
    "z": 0,
    "direction": "S",
    "walkRange": 1
  },
  {
    "name": "Esther",
    "id": 7376,
    "x": 1629,
    "y": 3939,
    "z": 0,
    "direction": "E",
    "walkRange": 0
  },
  {
    "name": "Wintertoad",
    "id": 7381,
    "x": 1628,
    "y": 3942,
    "z": 0,
    "direction": "S",
    "walkRange": 13
  },
  {
    "name": "Winter Soldier",
    "id": 7379,
    "x": 1629,
    "y": 3945,
    "z": 0,
    "direction": "S",
    "walkRange": 4
  },
  {
    "name": "Captain Kalt",
    "id": 7377,
    "x": 1631,
    "y": 3941,
    "z": 0,
    "direction": "S",
    "walkRange": 0
  },
  {
    "name": "Ish the Navigator",
    "id": 7378,
    "x": 1633,
    "y": 3939,
    "z": 0,
    "direction": "W",
    "walkRange": 0
  },
  {
    "name": "Ignisia",
    "id": 7374,
    "x": 1634,
    "y": 3948,
    "z": 0,
    "direction": "S",
    "walkRange": 0
  },
  {
    "name": "Cat",
    "id": 7380,
    "x": 1630,
    "y": 3942,
    "z": 0,
    "direction": "S",
    "walkRange": 7
  }
]