[
  {
    "name": "Moss giant",
    "id": 2091,
    "x": 2637,
    "y": 9528,
    "z": 0,
    "direction": "S",
    "walkRange": 2
  },
  {
    "name": "Moss giant",
    "id": 2090,
    "x": 2641,
    "y": 9493,
    "z": 0,
    "direction": "S",
    "walkRange": 1
  },
  {
    "name": "Moss giant",
    "id": 2093,
    "x": 2642,
    "y": 9518,
    "z": 0,
    "direction": "S",
    "walkRange": 3
  },
  {
    "name": "Moss giant",
    "id": 2090,
    "x": 2645,
    "y": 9532,
    "z": 0,
    "direction": "S",
    "walkRange": 2
  },
  {
    "name": "Moss giant",
    "id": 2092,
    "x": 2647,
    "y": 9484,
    "z": 0,
    "direction": "S",
    "walkRange": 2
  },
  {
    "name": "Moss giant",
    "id": 2091,
    "x": 2645,
    "y": 9486,
    "z": 0,
    "direction": "S",
    "walkRange": 1
  },
  {
    "name": "Fire giant",
    "id": 2080,
    "x": 2655,
    "y": 9481,
    "z": 0,
    "direction": "S",
    "walkRange": 2
  },
  {
    "name": "Wild dog",
    "id": 112,
    "x": 2660,
    "y": 9517,
    "z": 0,
    "direction": "S",
    "walkRange": 7
  },
  {
    "name": "Fire giant",
    "id": 2078,
    "x": 2658,
    "y": 9499,
    "z": 0,
    "direction": "S",
    "walkRange": 3
  },
  {
    "name": "Fire giant",
    "id": 2078,
    "x": 2659,
    "y": 9481,
    "z": 0,
    "direction": "S",
    "walkRange": 3
  },
  {
    "name": "Wild dog",
    "id": 112,
    "x": 2662,
    "y": 9513,
    "z": 0,
    "direction": "S",
    "walkRange": 5
  },
  {
    "name": "Wild dog",
    "id": 112,
    "x": 2664,
    "y": 9515,
    "z": 0,
    "direction": "S",
    "walkRange": 7
  },
  {
    "name": "Wild dog",
    "id": 112,
    "x": 2665,
    "y": 9521,
    "z": 0,
    "direction": "S",
    "walkRange": 7
  },
  {
    "name": "Fire giant",
    "id": 2079,
    "x": 2663,
    "y": 9481,
    "z": 0,
    "direction": "S",
    "walkRange": 4
  },
  {
    "name": "Wild dog",
    "id": 112,
    "x": 2662,
    "y": 9524,
    "z": 0,
    "direction": "S",
    "walkRange": 5
  },
  {
    "name": "Fire giant",
    "id": 2080,
    "x": 2667,
    "y": 9496,
    "z": 0,
    "direction": "S",
    "walkRange": 3
  },
  {
    "name": "Wild dog",
    "id": 112,
    "x": 2665,
    "y": 9512,
    "z": 0,
    "direction": "S",
    "walkRange": 4
  },
  {
    "name": "Wild dog",
    "id": 112,
    "x": 2668,
    "y": 9514,
    "z": 0,
    "direction": "S",
    "walkRange": 5
  },
  {
    "name": "Wild dog",
    "id": 112,
    "x": 2669,
    "y": 9515,
    "z": 0,
    "direction": "S",
    "walkRange": 4
  },
  {
    "name": "Greater demon",
    "id": 2026,
    "x": 2632,
    "y": 9481,
    "z": 2,
    "direction": "S",
    "walkRange": 3
  },
  {
    "name": "Greater demon",
    "id": 2025,
    "x": 2634,
    "y": 9508,
    "z": 2,
    "direction": "S",
    "walkRange": 2
  },
  {
    "name": "Greater demon",
    "id": 2028,
    "x": 2630,
    "y": 9491,
    "z": 2,
    "direction": "S",
    "walkRange": 5
  },
  {
    "name": "Greater demon",
    "id": 2028,
    "x": 2636,
    "y": 9475,
    "z": 2,
    "direction": "S",
    "walkRange": 4
  },
  {
    "name": "Greater demon",
    "id": 2026,
    "x": 2637,
    "y": 9501,
    "z": 2,
    "direction": "S",
    "walkRange": 0
  },
  {
    "name": "Greater demon",
    "id": 2027,
    "x": 2641,
    "y": 9506,
    "z": 2,
    "direction": "S",
    "walkRange": 2
  },
  {
    "name": "Greater demon",
    "id": 2029,
    "x": 2647,
    "y": 9476,
    "z": 2,
    "direction": "S",
    "walkRange": 3
  },
  {
    "name": "Moss giant",
    "id": 2090,
    "x": 2636,
    "y": 9543,
    "z": 0,
    "direction": "S",
    "walkRange": 2
  },
  {
    "name": "Moss giant",
    "id": 2091,
    "x": 2640,
    "y": 9581,
    "z": 0,
    "direction": "S",
    "walkRange": 1
  },
  {
    "name": "Moss giant",
    "id": 2091,
    "x": 2647,
    "y": 9553,
    "z": 0,
    "direction": "S",
    "walkRange": 2
  },
  {
    "name": "Moss giant",
    "id": 2092,
    "x": 2647,
    "y": 9536,
    "z": 0,
    "direction": "S",
    "walkRange": 2
  },
  {
    "name": "Moss giant",
    "id": 2090,
    "x": 2651,
    "y": 9564,
    "z": 0,
    "direction": "S",
    "walkRange": 1
  },
  {
    "name": "Moss giant",
    "id": 2090,
    "x": 2654,
    "y": 9574,
    "z": 0,
    "direction": "S",
    "walkRange": 2
  },
  {
    "name": "Moss giant",
    "id": 2092,
    "x": 2653,
    "y": 9587,
    "z": 0,
    "direction": "S",
    "walkRange": 2
  },
  {
    "name": "Moss giant",
    "id": 2093,
    "x": 2659,
    "y": 9548,
    "z": 0,
    "direction": "S",
    "walkRange": 2
  },
  {
    "name": "Moss giant",
    "id": 2090,
    "x": 2663,
    "y": 9556,
    "z": 0,
    "direction": "S",
    "walkRange": 2
  },
  {
    "name": "Moss giant",
    "id": 2090,
    "x": 2669,
    "y": 9543,
    "z": 0,
    "direction": "S",
    "walkRange": 2
  },
  {
    "name": "Moss giant",
    "id": 2091,
    "x": 2674,
    "y": 9591,
    "z": 0,
    "direction": "S",
    "walkRange": 2
  },
  {
    "name": "Moss giant",
    "id": 2091,
    "x": 2680,
    "y": 9544,
    "z": 0,
    "direction": "S",
    "walkRange": 2
  },
  {
    "name": "Moss giant",
    "id": 2092,
    "x": 2680,
    "y": 9594,
    "z": 0,
    "direction": "S",
    "walkRange": 2
  },
  {
    "name": "Moss giant",
    "id": 2092,
    "x": 2682,
    "y": 9573,
    "z": 0,
    "direction": "S",
    "walkRange": 2
  },
  {
    "name": "Fire giant",
    "id": 2079,
    "x": 2628,
    "y": 9542,
    "z": 2,
    "direction": "S",
    "walkRange": 4
  },
  {
    "name": "Fire giant",
    "id": 2080,
    "x": 2630,
    "y": 9551,
    "z": 2,
    "direction": "S",
    "walkRange": 2
  },
  {
    "name": "Fire giant",
    "id": 2078,
    "x": 2632,
    "y": 9587,
    "z": 2,
    "direction": "S",
    "walkRange": 1
  },
  {
    "name": "Fire giant",
    "id": 2079,
    "x": 2635,
    "y": 9575,
    "z": 2,
    "direction": "S",
    "walkRange": 3
  },
  {
    "name": "Fire giant",
    "id": 2078,
    "x": 2636,
    "y": 9558,
    "z": 2,
    "direction": "S",
    "walkRange": 4
  },
  {
    "name": "Fire giant",
    "id": 2079,
    "x": 2635,
    "y": 9562,
    "z": 2,
    "direction": "S",
    "walkRange": 3
  },
  {
    "name": "Fire giant",
    "id": 2080,
    "x": 2640,
    "y": 9566,
    "z": 2,
    "direction": "S",
    "walkRange": 3
  },
  {
    "name": "Fire giant",
    "id": 2079,
    "x": 2643,
    "y": 9564,
    "z": 2,
    "direction": "S",
    "walkRange": 4
  },
  {
    "name": "Baby dragon",
    "id": 5194,
    "x": 2658,
    "y": 9571,
    "z": 2,
    "direction": "S",
    "walkRange": 1
  },
  {
    "name": "Baby dragon",
    "id": 5194,
    "x": 2661,
    "y": 9581,
    "z": 2,
    "direction": "S",
    "walkRange": 1
  },
  {
    "name": "Baby dragon",
    "id": 5872,
    "x": 2661,
    "y": 9573,
    "z": 2,
    "direction": "S",
    "walkRange": 2
  },
  {
    "name": "Baby dragon",
    "id": 5873,
    "x": 2662,
    "y": 9578,
    "z": 2,
    "direction": "S",
    "walkRange": 1
  },
  {
    "name": "Baby dragon",
    "id": 5194,
    "x": 2666,
    "y": 9582,
    "z": 2,
    "direction": "S",
    "walkRange": 0
  },
  {
    "name": "Baby dragon",
    "id": 5873,
    "x": 2665,
    "y": 9581,
    "z": 2,
    "direction": "S",
    "walkRange": 0
  },
  {
    "name": "Baby dragon",
    "id": 5194,
    "x": 2672,
    "y": 9576,
    "z": 2,
    "direction": "S",
    "walkRange": 0
  },
  {
    "name": "Baby dragon",
    "id": 5194,
    "x": 2669,
    "y": 9580,
    "z": 2,
    "direction": "S",
    "walkRange": 2
  },
  {
    "name": "Baby dragon",
    "id": 5194,
    "x": 2672,
    "y": 9578,
    "z": 2,
    "direction": "S",
    "walkRange": 0
  },
  {
    "name": "Baby dragon",
    "id": 5194,
    "x": 2675,
    "y": 9575,
    "z": 2,
    "direction": "S",
    "walkRange": 0
  },
  {
    "name": "Baby dragon",
    "id": 5873,
    "x": 2676,
    "y": 9571,
    "z": 2,
    "direction": "S",
    "walkRange": 2
  },
  {
    "name": "Steel dragon",
    "id": 274,
    "x": 2701,
    "y": 9446,
    "z": 0,
    "direction": "S",
    "walkRange": 3
  },
  {
    "name": "Iron dragon",
    "id": 272,
    "x": 2714,
    "y": 9438,
    "z": 0,
    "direction": "S",
    "walkRange": 9
  },
  {
    "name": "Iron dragon",
    "id": 272,
    "x": 2709,
    "y": 9449,
    "z": 0,
    "direction": "S",
    "walkRange": 12
  },
  {
    "name": "Iron dragon",
    "id": 272,
    "x": 2703,
    "y": 9424,
    "z": 0,
    "direction": "S",
    "walkRange": 3
  },
  {
    "name": "Steel dragon",
    "id": 274,
    "x": 2712,
    "y": 9436,
    "z": 0,
    "direction": "S",
    "walkRange": 4
  },
  {
    "name": "Iron dragon",
    "id": 272,
    "x": 2710,
    "y": 9421,
    "z": 0,
    "direction": "S",
    "walkRange": 3
  },
  {
    "name": "Iron dragon",
    "id": 272,
    "x": 2714,
    "y": 9449,
    "z": 0,
    "direction": "S",
    "walkRange": 5
  },
  {
    "name": "Iron dragon",
    "id": 272,
    "x": 2714,
    "y": 9460,
    "z": 0,
    "direction": "S",
    "walkRange": 4
  },
  {
    "name": "Iron dragon",
    "id": 272,
    "x": 2719,
    "y": 9425,
    "z": 0,
    "direction": "S",
    "walkRange": 2
  },
  {
    "name": "Steel dragon",
    "id": 274,
    "x": 2723,
    "y": 9459,
    "z": 0,
    "direction": "S",
    "walkRange": 2
  },
  {
    "name": "Iron dragon",
    "id": 272,
    "x": 2722,
    "y": 9435,
    "z": 0,
    "direction": "S",
    "walkRange": 2
  },
  {
    "name": "Steel dragon",
    "id": 274,
    "x": 2725,
    "y": 9446,
    "z": 0,
    "direction": "S",
    "walkRange": 3
  },
  {
    "name": "Iron dragon",
    "id": 272,
    "x": 2729,
    "y": 9437,
    "z": 0,
    "direction": "S",
    "walkRange": 5
  },
  {
    "name": "Iron dragon",
    "id": 272,
    "x": 2729,
    "y": 9461,
    "z": 0,
    "direction": "S",
    "walkRange": 2
  },
  {
    "name": "Iron dragon",
    "id": 272,
    "x": 2737,
    "y": 9419,
    "z": 0,
    "direction": "S",
    "walkRange": 3
  },
  {
    "name": "Iron dragon",
    "id": 272,
    "x": 2738,
    "y": 9439,
    "z": 0,
    "direction": "S",
    "walkRange": 4
  },
  {
    "name": "Iron dragon",
    "id": 272,
    "x": 2742,
    "y": 9448,
    "z": 0,
    "direction": "S",
    "walkRange": 1
  },
  {
    "name": "Baby dragon",
    "id": 244,
    "x": 2695,
    "y": 9502,
    "z": 0,
    "direction": "S",
    "walkRange": 3
  },
  {
    "name": "Red dragon",
    "id": 251,
    "x": 2697,
    "y": 9506,
    "z": 0,
    "direction": "S",
    "walkRange": 6
  },
  {
    "name": "Baby dragon",
    "id": 246,
    "x": 2699,
    "y": 9523,
    "z": 0,
    "direction": "S",
    "walkRange": 2
  },
  {
    "name": "Black demon",
    "id": 2050,
    "x": 2699,
    "y": 9489,
    "z": 0,
    "direction": "S",
    "walkRange": 1
  },
  {
    "name": "Red dragon",
    "id": 247,
    "x": 2698,
    "y": 9505,
    "z": 0,
    "direction": "S",
    "walkRange": 5
  },
  {
    "name": "Red dragon",
    "id": 249,
    "x": 2703,
    "y": 9521,
    "z": 0,
    "direction": "S",
    "walkRange": 5
  },
  {
    "name": "Red dragon",
    "id": 248,
    "x": 2706,
    "y": 9534,
    "z": 0,
    "direction": "S",
    "walkRange": 4
  },
  {
    "name": "Red dragon",
    "id": 250,
    "x": 2705,
    "y": 9515,
    "z": 0,
    "direction": "S",
    "walkRange": 0
  },
  {
    "name": "Baby dragon",
    "id": 245,
    "x": 2708,
    "y": 9500,
    "z": 0,
    "direction": "S",
    "walkRange": 2
  },
  {
    "name": "Red dragon",
    "id": 251,
    "x": 2707,
    "y": 9506,
    "z": 0,
    "direction": "S",
    "walkRange": 3
  },
  {
    "name": "Baby dragon",
    "id": 245,
    "x": 2707,
    "y": 9525,
    "z": 0,
    "direction": "S",
    "walkRange": 3
  },
  {
    "name": "Black demon",
    "id": 2049,
    "x": 2710,
    "y": 9479,
    "z": 0,
    "direction": "S",
    "walkRange": 5
  },
  {
    "name": "Red dragon",
    "id": 248,
    "x": 2710,
    "y": 9500,
    "z": 0,
    "direction": "S",
    "walkRange": 3
  },
  {
    "name": "Baby dragon",
    "id": 244,
    "x": 2710,
    "y": 9518,
    "z": 0,
    "direction": "S",
    "walkRange": 2
  },
  {
    "name": "Baby dragon",
    "id": 246,
    "x": 2712,
    "y": 9506,
    "z": 0,
    "direction": "S",
    "walkRange": 3
  },
  {
    "name": "Red dragon",
    "id": 248,
    "x": 2715,
    "y": 9522,
    "z": 0,
    "direction": "S",
    "walkRange": 6
  },
  {
    "name": "Black demon",
    "id": 2048,
    "x": 2714,
    "y": 9482,
    "z": 0,
    "direction": "S",
    "walkRange": 4
  },
  {
    "name": "Red dragon",
    "id": 249,
    "x": 2712,
    "y": 9519,
    "z": 0,
    "direction": "S",
    "walkRange": 7
  },
  {
    "name": "Baby dragon",
    "id": 244,
    "x": 2721,
    "y": 9513,
    "z": 0,
    "direction": "S",
    "walkRange": 4
  },
  {
    "name": "Red dragon",
    "id": 248,
    "x": 2719,
    "y": 9519,
    "z": 0,
    "direction": "S",
    "walkRange": 4
  },
  {
    "name": "Steel dragon",
    "id": 275,
    "x": 2632,
    "y": 9422,
    "z": 0,
    "direction": "S",
    "walkRange": 0
  },
  {
    "name": "Baby dragon",
    "id": 244,
    "x": 2720,
    "y": 9529,
    "z": 0,
    "direction": "S",
    "walkRange": 3
  },
  {
    "name": "Bronze dragon",
    "id": 271,
    "x": 2631,
    "y": 9456,
    "z": 0,
    "direction": "S",
    "walkRange": 0
  },
  {
    "name": "Red dragon",
    "id": 247,
    "x": 2723,
    "y": 9513,
    "z": 0,
    "direction": "S",
    "walkRange": 3
  },
  {
    "name": "Bronze dragon",
    "id": 271,
    "x": 2636,
    "y": 9451,
    "z": 0,
    "direction": "S",
    "walkRange": 2
  },
  {
    "name": "Baby dragon",
    "id": 245,
    "x": 2728,
    "y": 9512,
    "z": 0,
    "direction": "S",
    "walkRange": 2
  },
  {
    "name": "Steel dragon",
    "id": 275,
    "x": 2637,
    "y": 9426,
    "z": 0,
    "direction": "S",
    "walkRange": 0
  },
  {
    "name": "Bronze dragon",
    "id": 270,
    "x": 2728,
    "y": 9485,
    "z": 0,
    "direction": "S",
    "walkRange": 2
  },
  {
    "name": "Steel dragon",
    "id": 275,
    "x": 2638,
    "y": 9430,
    "z": 0,
    "direction": "S",
    "walkRange": 2
  },
  {
    "name": "Bronze dragon",
    "id": 270,
    "x": 2730,
    "y": 9490,
    "z": 0,
    "direction": "S",
    "walkRange": 4
  },
  {
    "name": "Steel dragon",
    "id": 275,
    "x": 2639,
    "y": 9417,
    "z": 0,
    "direction": "S",
    "walkRange": 1
  },
  {
    "name": "Black demon",
    "id": 2048,
    "x": 2740,
    "y": 9488,
    "z": 0,
    "direction": "S",
    "walkRange": 3
  },
  {
    "name": "Bronze dragon",
    "id": 271,
    "x": 2638,
    "y": 9458,
    "z": 0,
    "direction": "S",
    "walkRange": 1
  },
  {
    "name": "Bronze dragon",
    "id": 270,
    "x": 2737,
    "y": 9494,
    "z": 0,
    "direction": "S",
    "walkRange": 2
  },
  {
    "name": "Bronze dragon",
    "id": 271,
    "x": 2640,
    "y": 9445,
    "z": 0,
    "direction": "S",
    "walkRange": 2
  },
  {
    "name": "Wild dog",
    "id": 112,
    "x": 2744,
    "y": 9507,
    "z": 0,
    "direction": "S",
    "walkRange": 1
  },
  {
    "name": "Steel dragon",
    "id": 275,
    "x": 2647,
    "y": 9422,
    "z": 0,
    "direction": "S",
    "walkRange": 2
  },
  {
    "name": "Wild dog",
    "id": 112,
    "x": 2744,
    "y": 9508,
    "z": 0,
    "direction": "S",
    "walkRange": 0
  },
  {
    "name": "Steel dragon",
    "id": 275,
    "x": 2646,
    "y": 9429,
    "z": 0,
    "direction": "S",
    "walkRange": 2
  },
  {
    "name": "Wild dog",
    "id": 112,
    "x": 2741,
    "y": 9496,
    "z": 0,
    "direction": "S",
    "walkRange": 1
  },
  {
    "name": "Bronze dragon",
    "id": 271,
    "x": 2642,
    "y": 9453,
    "z": 0,
    "direction": "S",
    "walkRange": 2
  },
  {
    "name": "Steel dragon",
    "id": 275,
    "x": 2653,
    "y": 9426,
    "z": 0,
    "direction": "S",
    "walkRange": 2
  },
  {
    "name": "Steel dragon",
    "id": 275,
    "x": 2656,
    "y": 9419,
    "z": 0,
    "direction": "S",
    "walkRange": 0
  },
  {
    "name": "Iron dragon",
    "id": 273,
    "x": 2662,
    "y": 9452,
    "z": 0,
    "direction": "S",
    "walkRange": 2
  },
  {
    "name": "Steel dragon",
    "id": 275,
    "x": 2665,
    "y": 9418,
    "z": 0,
    "direction": "S",
    "walkRange": 2
  },
  {
    "name": "Iron dragon",
    "id": 273,
    "x": 2662,
    "y": 9458,
    "z": 0,
    "direction": "S",
    "walkRange": 2
  },
  {
    "name": "Iron dragon",
    "id": 273,
    "x": 2666,
    "y": 9452,
    "z": 0,
    "direction": "S",
    "walkRange": 2
  },
  {
    "name": "Iron dragon",
    "id": 273,
    "x": 2669,
    "y": 9447,
    "z": 0,
    "direction": "S",
    "walkRange": 4
  },
  {
    "name": "Wild dog",
    "id": 112,
    "x": 2693,
    "y": 9539,
    "z": 0,
    "direction": "S",
    "walkRange": 5
  },
  {
    "name": "Iron dragon",
    "id": 273,
    "x": 2668,
    "y": 9458,
    "z": 0,
    "direction": "S",
    "walkRange": 2
  },
  {
    "name": "Baby dragon",
    "id": 244,
    "x": 2703,
    "y": 9546,
    "z": 0,
    "direction": "S",
    "walkRange": 2
  },
  {
    "name": "Iron dragon",
    "id": 273,
    "x": 2672,
    "y": 9449,
    "z": 0,
    "direction": "S",
    "walkRange": 3
  },
  {
    "name": "Red dragon",
    "id": 250,
    "x": 2705,
    "y": 9534,
    "z": 0,
    "direction": "S",
    "walkRange": 2
  },
  {
    "name": "Iron dragon",
    "id": 273,
    "x": 2673,
    "y": 9440,
    "z": 0,
    "direction": "S",
    "walkRange": 2
  },
  {
    "name": "Red dragon",
    "id": 249,
    "x": 2700,
    "y": 9546,
    "z": 0,
    "direction": "S",
    "walkRange": 0
  },
  {
    "name": "Iron dragon",
    "id": 273,
    "x": 2677,
    "y": 9454,
    "z": 0,
    "direction": "S",
    "walkRange": 1
  },
  {
    "name": "Baby dragon",
    "id": 246,
    "x": 2709,
    "y": 9542,
    "z": 0,
    "direction": "S",
    "walkRange": 2
  },
  {
    "name": "Hieve",
    "id": 7667,
    "x": 2683,
    "y": 9434,
    "z": 0,
    "direction": "S",
    "walkRange": 0
  },
  {
    "name": "Red dragon",
    "id": 251,
    "x": 2711,
    "y": 9538,
    "z": 0,
    "direction": "S",
    "walkRange": 4
  },
  {
    "name": "Red dragon",
    "id": 248,
    "x": 2711,
    "y": 9551,
    "z": 0,
    "direction": "S",
    "walkRange": 0
  },
  {
    "name": "Red dragon",
    "id": 247,
    "x": 2704,
    "y": 9543,
    "z": 0,
    "direction": "S",
    "walkRange": 0
  },
  {
    "name": "Baby dragon",
    "id": 246,
    "x": 2719,
    "y": 9535,
    "z": 0,
    "direction": "S",
    "walkRange": 3
  }
]