[
  {
    "name": "Cave slime",
    "id": 480,
    "x": 3209,
    "y": 9556,
    "z": 0,
    "direction": "S",
    "walkRange": 4
  },
  {
    "name": "Cave bug larva",
    "id": 482,
    "x": 3208,
    "y": 9587,
    "z": 0,
    "direction": "S",
    "walkRange": 2
  },
  {
    "name": "Cave bug",
    "id": 481,
    "x": 3208,
    "y": 9587,
    "z": 0,
    "direction": "S",
    "walkRange": 3
  },
  {
    "name": "Cave bug larva",
    "id": 482,
    "x": 3211,
    "y": 9571,
    "z": 0,
    "direction": "S",
    "walkRange": 3
  },
  {
    "name": "Cave bug",
    "id": 481,
    "x": 3210,
    "y": 9587,
    "z": 0,
    "direction": "S",
    "walkRange": 6
  },
  {
    "name": "Cave slime",
    "id": 480,
    "x": 3210,
    "y": 9556,
    "z": 0,
    "direction": "S",
    "walkRange": 7
  },
  {
    "name": "Cave slime",
    "id": 480,
    "x": 3210,
    "y": 9571,
    "z": 0,
    "direction": "S",
    "walkRange": 2
  },
  {
    "name": "Cave bug larva",
    "id": 482,
    "x": 3211,
    "y": 9588,
    "z": 0,
    "direction": "S",
    "walkRange": 4
  },
  {
    "name": "Hole in the wall",
    "id": 475,
    "x": 3215,
    "y": 9560,
    "z": 0,
    "direction": "S",
    "walkRange": 0
  },
  {
    "name": "Hole in the wall",
    "id": 475,
    "x": 3216,
    "y": 9588,
    "z": 0,
    "direction": "S",
    "walkRange": 0
  },
  {
    "name": "Cave bug",
    "id": 481,
    "x": 3214,
    "y": 9572,
    "z": 0,
    "direction": "S",
    "walkRange": 4
  },
  {
    "name": "Giant frog",
    "id": 477,
    "x": 3221,
    "y": 9549,
    "z": 0,
    "direction": "S",
    "walkRange": 2
  },
  {
    "name": "Big frog",
    "id": 478,
    "x": 3221,
    "y": 9559,
    "z": 0,
    "direction": "S",
    "walkRange": 3
  },
  {
    "name": "Cave bug larva",
    "id": 482,
    "x": 3220,
    "y": 9558,
    "z": 0,
    "direction": "S",
    "walkRange": 3
  },
  {
    "name": "Cave bug larva",
    "id": 482,
    "x": 3222,
    "y": 9568,
    "z": 0,
    "direction": "S",
    "walkRange": 4
  },
  {
    "name": "Rockslug",
    "id": 421,
    "x": 3223,
    "y": 9570,
    "z": 0,
    "direction": "S",
    "walkRange": 5
  },
  {
    "name": "Rockslug",
    "id": 422,
    "x": 3220,
    "y": 9579,
    "z": 0,
    "direction": "S",
    "walkRange": 5
  },
  {
    "name": "Cave bug larva",
    "id": 482,
    "x": 3224,
    "y": 9585,
    "z": 0,
    "direction": "S",
    "walkRange": 4
  },
  {
    "name": "Giant frog",
    "id": 477,
    "x": 3224,
    "y": 9545,
    "z": 0,
    "direction": "S",
    "walkRange": 2
  },
  {
    "name": "Cave bug larva",
    "id": 482,
    "x": 3148,
    "y": 9576,
    "z": 0,
    "direction": "S",
    "walkRange": 3
  },
  {
    "name": "Big frog",
    "id": 478,
    "x": 3223,
    "y": 9551,
    "z": 0,
    "direction": "S",
    "walkRange": 4
  },
  {
    "name": "Cave bug",
    "id": 481,
    "x": 3149,
    "y": 9573,
    "z": 0,
    "direction": "S",
    "walkRange": 5
  },
  {
    "name": "Big frog",
    "id": 478,
    "x": 3222,
    "y": 9558,
    "z": 0,
    "direction": "S",
    "walkRange": 2
  },
  {
    "name": "Cave slime",
    "id": 480,
    "x": 3154,
    "y": 9554,
    "z": 0,
    "direction": "S",
    "walkRange": 5
  },
  {
    "name": "Rockslug",
    "id": 421,
    "x": 3224,
    "y": 9578,
    "z": 0,
    "direction": "S",
    "walkRange": 5
  },
  {
    "name": "Cave bug",
    "id": 481,
    "x": 3149,
    "y": 9574,
    "z": 0,
    "direction": "S",
    "walkRange": 7
  },
  {
    "name": "Rockslug",
    "id": 421,
    "x": 3224,
    "y": 9582,
    "z": 0,
    "direction": "S",
    "walkRange": 5
  },
  {
    "name": "Big frog",
    "id": 478,
    "x": 3150,
    "y": 9550,
    "z": 0,
    "direction": "S",
    "walkRange": 3
  },
  {
    "name": "Cave bug larva",
    "id": 482,
    "x": 3226,
    "y": 9570,
    "z": 0,
    "direction": "S",
    "walkRange": 4
  },
  {
    "name": "Big frog",
    "id": 478,
    "x": 3152,
    "y": 9561,
    "z": 0,
    "direction": "S",
    "walkRange": 4
  },
  {
    "name": "Rockslug",
    "id": 422,
    "x": 3225,
    "y": 9573,
    "z": 0,
    "direction": "S",
    "walkRange": 5
  },
  {
    "name": "Cave bug larva",
    "id": 482,
    "x": 3152,
    "y": 9550,
    "z": 0,
    "direction": "S",
    "walkRange": 4
  },
  {
    "name": "Cave bug",
    "id": 481,
    "x": 3224,
    "y": 9580,
    "z": 0,
    "direction": "S",
    "walkRange": 7
  },
  {
    "name": "Cave bug",
    "id": 481,
    "x": 3151,
    "y": 9578,
    "z": 0,
    "direction": "S",
    "walkRange": 7
  },
  {
    "name": "Cave bug larva",
    "id": 482,
    "x": 3227,
    "y": 9580,
    "z": 0,
    "direction": "S",
    "walkRange": 4
  },
  {
    "name": "Cave slime",
    "id": 480,
    "x": 3156,
    "y": 9549,
    "z": 0,
    "direction": "S",
    "walkRange": 6
  },
  {
    "name": "Cave bug",
    "id": 481,
    "x": 3225,
    "y": 9575,
    "z": 0,
    "direction": "S",
    "walkRange": 7
  },
  {
    "name": "Cave bug larva",
    "id": 482,
    "x": 3153,
    "y": 9559,
    "z": 0,
    "direction": "S",
    "walkRange": 5
  },
  {
    "name": "Giant frog",
    "id": 477,
    "x": 3230,
    "y": 9546,
    "z": 0,
    "direction": "S",
    "walkRange": 2
  },
  {
    "name": "Cave bug larva",
    "id": 482,
    "x": 3152,
    "y": 9573,
    "z": 0,
    "direction": "S",
    "walkRange": 4
  },
  {
    "name": "Cave bug larva",
    "id": 482,
    "x": 3239,
    "y": 9566,
    "z": 0,
    "direction": "S",
    "walkRange": 3
  },
  {
    "name": "Fishing spot",
    "id": 1497,
    "x": 3153,
    "y": 9544,
    "z": 0,
    "direction": "S",
    "walkRange": 1
  },
  {
    "name": "Cave bug larva",
    "id": 482,
    "x": 3245,
    "y": 9569,
    "z": 0,
    "direction": "S",
    "walkRange": 3
  },
  {
    "name": "Big frog",
    "id": 478,
    "x": 3153,
    "y": 9556,
    "z": 0,
    "direction": "S",
    "walkRange": 4
  },
  {
    "name": "Big frog",
    "id": 478,
    "x": 3243,
    "y": 9569,
    "z": 0,
    "direction": "S",
    "walkRange": 4
  },
  {
    "name": "Cave bug",
    "id": 481,
    "x": 3154,
    "y": 9556,
    "z": 0,
    "direction": "S",
    "walkRange": 8
  },
  {
    "name": "Fishing spot",
    "id": 1498,
    "x": 3246,
    "y": 9569,
    "z": 0,
    "direction": "S",
    "walkRange": 0
  },
  {
    "name": "Cave slime",
    "id": 480,
    "x": 3157,
    "y": 9547,
    "z": 0,
    "direction": "S",
    "walkRange": 4
  },
  {
    "name": "Cave bug larva",
    "id": 482,
    "x": 3241,
    "y": 9575,
    "z": 0,
    "direction": "S",
    "walkRange": 1
  },
  {
    "name": "Cave bug larva",
    "id": 482,
    "x": 3155,
    "y": 9547,
    "z": 0,
    "direction": "S",
    "walkRange": 4
  },
  {
    "name": "Cave bug larva",
    "id": 482,
    "x": 3244,
    "y": 9565,
    "z": 0,
    "direction": "S",
    "walkRange": 3
  },
  {
    "name": "Cave slime",
    "id": 480,
    "x": 3155,
    "y": 9559,
    "z": 0,
    "direction": "S",
    "walkRange": 4
  },
  {
    "name": "Cave slime",
    "id": 480,
    "x": 3251,
    "y": 9569,
    "z": 0,
    "direction": "S",
    "walkRange": 1
  },
  {
    "name": "Big frog",
    "id": 478,
    "x": 3158,
    "y": 9555,
    "z": 0,
    "direction": "S",
    "walkRange": 3
  },
  {
    "name": "Cave slime",
    "id": 480,
    "x": 3248,
    "y": 9572,
    "z": 0,
    "direction": "S",
    "walkRange": 2
  },
  {
    "name": "Cave bug larva",
    "id": 482,
    "x": 3158,
    "y": 9572,
    "z": 0,
    "direction": "S",
    "walkRange": 4
  },
  {
    "name": "Cave goblin",
    "id": 6437,
    "x": 3243,
    "y": 9580,
    "z": 0,
    "direction": "S",
    "walkRange": 3
  },
  {
    "name": "Cave slime",
    "id": 480,
    "x": 3161,
    "y": 9589,
    "z": 0,
    "direction": "S",
    "walkRange": 4
  },
  {
    "name": "Cave bug larva",
    "id": 482,
    "x": 3162,
    "y": 9588,
    "z": 0,
    "direction": "S",
    "walkRange": 3
  },
  {
    "name": "Cave goblin",
    "id": 6435,
    "x": 3247,
    "y": 9559,
    "z": 0,
    "direction": "S",
    "walkRange": 3
  },
  {
    "name": "Big frog",
    "id": 478,
    "x": 3247,
    "y": 9567,
    "z": 0,
    "direction": "S",
    "walkRange": 3
  },
  {
    "name": "Hole in the wall",
    "id": 475,
    "x": 3161,
    "y": 9547,
    "z": 0,
    "direction": "S",
    "walkRange": 0
  },
  {
    "name": "Big frog",
    "id": 478,
    "x": 3249,
    "y": 9575,
    "z": 0,
    "direction": "S",
    "walkRange": 3
  },
  {
    "name": "Cave slime",
    "id": 480,
    "x": 3160,
    "y": 9555,
    "z": 0,
    "direction": "S",
    "walkRange": 3
  },
  {
    "name": "Cave bug larva",
    "id": 482,
    "x": 3249,
    "y": 9579,
    "z": 0,
    "direction": "S",
    "walkRange": 3
  },
  {
    "name": "Hole in the wall",
    "id": 475,
    "x": 3162,
    "y": 9574,
    "z": 0,
    "direction": "S",
    "walkRange": 0
  },
  {
    "name": "Cave bug larva",
    "id": 482,
    "x": 3250,
    "y": 9567,
    "z": 0,
    "direction": "S",
    "walkRange": 3
  },
  {
    "name": "Cave bug larva",
    "id": 482,
    "x": 3163,
    "y": 9545,
    "z": 0,
    "direction": "S",
    "walkRange": 5
  },
  {
    "name": "Cave goblin",
    "id": 6436,
    "x": 3254,
    "y": 9568,
    "z": 0,
    "direction": "S",
    "walkRange": 2
  },
  {
    "name": "Cave bug",
    "id": 481,
    "x": 3164,
    "y": 9547,
    "z": 0,
    "direction": "S",
    "walkRange": 5
  },
  {
    "name": "Cave slime",
    "id": 480,
    "x": 3254,
    "y": 9569,
    "z": 0,
    "direction": "S",
    "walkRange": 4
  },
  {
    "name": "Hole in the wall",
    "id": 475,
    "x": 3164,
    "y": 9556,
    "z": 0,
    "direction": "S",
    "walkRange": 0
  },
  {
    "name": "Cave goblin",
    "id": 6434,
    "x": 3255,
    "y": 9568,
    "z": 0,
    "direction": "S",
    "walkRange": 1
  },
  {
    "name": "Cave slime",
    "id": 480,
    "x": 3165,
    "y": 9588,
    "z": 0,
    "direction": "S",
    "walkRange": 6
  },
  {
    "name": "Cave bug larva",
    "id": 482,
    "x": 3165,
    "y": 9586,
    "z": 0,
    "direction": "S",
    "walkRange": 4
  },
  {
    "name": "Cave bug larva",
    "id": 482,
    "x": 3167,
    "y": 9545,
    "z": 0,
    "direction": "S",
    "walkRange": 4
  },
  {
    "name": "Cave bug larva",
    "id": 482,
    "x": 3167,
    "y": 9571,
    "z": 0,
    "direction": "S",
    "walkRange": 4
  },
  {
    "name": "Cave bug larva",
    "id": 482,
    "x": 3168,
    "y": 9555,
    "z": 0,
    "direction": "S",
    "walkRange": 4
  },
  {
    "name": "null",
    "id": 6280,
    "x": 3168,
    "y": 9572,
    "z": 0,
    "direction": "S",
    "walkRange": 2
  },
  {
    "name": "Cave slime",
    "id": 480,
    "x": 3165,
    "y": 9589,
    "z": 0,
    "direction": "S",
    "walkRange": 5
  },
  {
    "name": "Cave bug",
    "id": 481,
    "x": 3168,
    "y": 9549,
    "z": 0,
    "direction": "S",
    "walkRange": 5
  },
  {
    "name": "Cave bug larva",
    "id": 482,
    "x": 3168,
    "y": 9572,
    "z": 0,
    "direction": "S",
    "walkRange": 3
  },
  {
    "name": "null",
    "id": 6281,
    "x": 3169,
    "y": 9571,
    "z": 0,
    "direction": "S",
    "walkRange": 2
  },
  {
    "name": "Cave bug",
    "id": 481,
    "x": 3170,
    "y": 9556,
    "z": 0,
    "direction": "S",
    "walkRange": 6
  },
  {
    "name": "Cave bug larva",
    "id": 482,
    "x": 3175,
    "y": 9585,
    "z": 0,
    "direction": "S",
    "walkRange": 3
  },
  {
    "name": "Cave slime",
    "id": 480,
    "x": 3176,
    "y": 9549,
    "z": 0,
    "direction": "S",
    "walkRange": 8
  },
  {
    "name": "Cave bug",
    "id": 481,
    "x": 3177,
    "y": 9558,
    "z": 0,
    "direction": "S",
    "walkRange": 6
  },
  {
    "name": "Cave slime",
    "id": 480,
    "x": 3181,
    "y": 9544,
    "z": 0,
    "direction": "S",
    "walkRange": 2
  },
  {
    "name": "Cave slime",
    "id": 480,
    "x": 3178,
    "y": 9545,
    "z": 0,
    "direction": "S",
    "walkRange": 5
  },
  {
    "name": "Cave bug larva",
    "id": 482,
    "x": 3180,
    "y": 9549,
    "z": 0,
    "direction": "S",
    "walkRange": 4
  },
  {
    "name": "Cave bug",
    "id": 481,
    "x": 3178,
    "y": 9585,
    "z": 0,
    "direction": "S",
    "walkRange": 4
  },
  {
    "name": "Cave bug",
    "id": 481,
    "x": 3178,
    "y": 9556,
    "z": 0,
    "direction": "S",
    "walkRange": 5
  },
  {
    "name": "Big frog",
    "id": 478,
    "x": 3181,
    "y": 9543,
    "z": 0,
    "direction": "S",
    "walkRange": 2
  },
  {
    "name": "Cave bug",
    "id": 481,
    "x": 3183,
    "y": 9552,
    "z": 0,
    "direction": "S",
    "walkRange": 8
  },
  {
    "name": "Cave bug larva",
    "id": 482,
    "x": 3185,
    "y": 9554,
    "z": 0,
    "direction": "S",
    "walkRange": 2
  },
  {
    "name": "Cave bug larva",
    "id": 482,
    "x": 3182,
    "y": 9584,
    "z": 0,
    "direction": "S",
    "walkRange": 2
  },
  {
    "name": "Cave bug larva",
    "id": 482,
    "x": 3187,
    "y": 9572,
    "z": 0,
    "direction": "S",
    "walkRange": 3
  },
  {
    "name": "Cave crawler",
    "id": 406,
    "x": 3184,
    "y": 9582,
    "z": 0,
    "direction": "S",
    "walkRange": 3
  },
  {
    "name": "Cave bug larva",
    "id": 482,
    "x": 3186,
    "y": 9549,
    "z": 0,
    "direction": "S",
    "walkRange": 4
  },
  {
    "name": "Cave bug",
    "id": 481,
    "x": 3187,
    "y": 9563,
    "z": 0,
    "direction": "S",
    "walkRange": 7
  },
  {
    "name": "Cave bug",
    "id": 481,
    "x": 3188,
    "y": 9578,
    "z": 0,
    "direction": "S",
    "walkRange": 6
  },
  {
    "name": "Cave bug",
    "id": 481,
    "x": 3188,
    "y": 9549,
    "z": 0,
    "direction": "S",
    "walkRange": 6
  },
  {
    "name": "Cave crawler",
    "id": 409,
    "x": 3186,
    "y": 9560,
    "z": 0,
    "direction": "S",
    "walkRange": 2
  },
  {
    "name": "Cave crawler",
    "id": 408,
    "x": 3191,
    "y": 9576,
    "z": 0,
    "direction": "S",
    "walkRange": 6
  },
  {
    "name": "Cave bug",
    "id": 481,
    "x": 3191,
    "y": 9570,
    "z": 0,
    "direction": "S",
    "walkRange": 5
  },
  {
    "name": "Cave bug",
    "id": 481,
    "x": 3185,
    "y": 9583,
    "z": 0,
    "direction": "S",
    "walkRange": 6
  },
  {
    "name": "Cave bug larva",
    "id": 482,
    "x": 3191,
    "y": 9575,
    "z": 0,
    "direction": "S",
    "walkRange": 3
  },
  {
    "name": "Cave bug larva",
    "id": 482,
    "x": 3195,
    "y": 9554,
    "z": 0,
    "direction": "S",
    "walkRange": 4
  },
  {
    "name": "Cave bug larva",
    "id": 482,
    "x": 3195,
    "y": 9571,
    "z": 0,
    "direction": "S",
    "walkRange": 3
  },
  {
    "name": "Hole in the wall",
    "id": 475,
    "x": 3198,
    "y": 9554,
    "z": 0,
    "direction": "S",
    "walkRange": 0
  },
  {
    "name": "Hole in the wall",
    "id": 475,
    "x": 3198,
    "y": 9572,
    "z": 0,
    "direction": "S",
    "walkRange": 0
  }
]