[
  {
    "name": "Dark beast",
    "id": 4005,
    "x": 2027,
    "y": 4655,
    "z": 0,
    "direction": "S",
    "walkRange": 4
  },
  {
    "name": "Dark beast",
    "id": 4005,
    "x": 2024,
    "y": 4657,
    "z": 0,
    "direction": "S",
    "walkRange": 4
  },
  {
    "name": "Dark beast",
    "id": 4005,
    "x": 2032,
    "y": 4660,
    "z": 0,
    "direction": "S",
    "walkRange": 4
  },
  {
    "name": "Dark beast",
    "id": 4005,
    "x": 2028,
    "y": 4661,
    "z": 0,
    "direction": "S",
    "walkRange": 4
  },
  {
    "name": "Dark beast",
    "id": 4005,
    "x": 2021,
    "y": 4660,
    "z": 0,
    "direction": "S",
    "walkRange": 4
  },
  {
    "name": "Dark beast",
    "id": 4005,
    "x": 2022,
    "y": 4664,
    "z": 0,
    "direction": "S",
    "walkRange": 4
  },
  {
    "name": "Dark beast",
    "id": 4005,
    "x": 2027,
    "y": 4665,
    "z": 0,
    "direction": "S",
    "walkRange": 4
  },
  {
    "name": "Dark beast",
    "id": 4005,
    "x": 2031,
    "y": 4665,
    "z": 0,
    "direction": "S",
    "walkRange": 4
  },
  {
    "name": "Dark beast",
    "id": 4005,
    "x": 2036,
    "y": 4662,
    "z": 0,
    "direction": "S",
    "walkRange": 4
  },
  {
    "name": "Dark beast",
    "id": 4005,
    "x": 2023,
    "y": 4613,
    "z": 0,
    "direction": "S",
    "walkRange": 4
  },
  {
    "name": "Dark beast",
    "id": 4005,
    "x": 2026,
    "y": 4613,
    "z": 0,
    "direction": "S",
    "walkRange": 4
  },
  {
    "name": "Dark beast",
    "id": 4005,
    "x": 2021,
    "y": 4616,
    "z": 0,
    "direction": "S",
    "walkRange": 4
  },
  {
    "name": "Dark beast",
    "id": 4005,
    "x": 2002,
    "y": 4613,
    "z": 0,
    "direction": "S",
    "walkRange": 4
  },
  {
    "name": "Dark beast",
    "id": 4005,
    "x": 2008,
    "y": 4616,
    "z": 0,
    "direction": "S",
    "walkRange": 4
  },
  {
    "name": "Dark beast",
    "id": 4005,
    "x": 2000,
    "y": 4647,
    "z": 0,
    "direction": "S",
    "walkRange": 4
  },
  {
    "name": "Dark beast",
    "id": 4005,
    "x": 2002,
    "y": 4640,
    "z": 0,
    "direction": "S",
    "walkRange": 4
  },
  {
    "name": "Dark beast",
    "id": 4005,
    "x": 2007,
    "y": 4639,
    "z": 0,
    "direction": "S",
    "walkRange": 4
  },
  {
    "name": "Dark beast",
    "id": 4005,
    "x": 2005,
    "y": 4645,
    "z": 0,
    "direction": "S",
    "walkRange": 4
  },
  {
    "name": "Dark beast",
    "id": 4005,
    "x": 1996,
    "y": 4630,
    "z": 0,
    "direction": "S",
    "walkRange": 4
  },
  {
    "name": "Dark beast",
    "id": 4005,
    "x": 1994,
    "y": 4653,
    "z": 0,
    "direction": "S",
    "walkRange": 4
  },
  {
    "name": "Dark beast",
    "id": 4005,
    "x": 1990,
    "y": 4654,
    "z": 0,
    "direction": "S",
    "walkRange": 4
  },
  {
    "name": "Dark beast",
    "id": 4005,
    "x": 1989,
    "y": 4658,
    "z": 0,
    "direction": "S",
    "walkRange": 4
  },
  {
    "name": "Dark beast",
    "id": 4005,
    "x": 1994,
    "y": 4661,
    "z": 0,
    "direction": "S",
    "walkRange": 4
  },
  {
    "name": "Dark beast",
    "id": 4005,
    "x": 1996,
    "y": 4658,
    "z": 0,
    "direction": "S",
    "walkRange": 4
  },
  {
    "name": "Dark beast",
    "id": 4005,
    "x": 1989,
    "y": 4664,
    "z": 0,
    "direction": "S",
    "walkRange": 4
  }
]