[
  {
    "name": "Emblem Trader",
    "id": 7943,
    "x": 3246,
    "y": 10169,
    "z": 0,
    "direction": "S",
    "walkRange": 6
  },
  {
    "name": "Revenant goblin",
    "id": 7931,
    "x": 3242,
    "y": 10099,
    "z": 0,
    "direction": "S",
    "walkRange": 3
  },
  {
    "name": "Revenant dragon",
    "id": 7940,
    "x": 3238,
    "y": 10202,
    "z": 0,
    "direction": "S",
    "walkRange": 3
  },
  {
    "name": "Revenant imp",
    "id": 7881,
    "x": 3199,
    "y": 10071,
    "z": 0,
    "direction": "S",
    "walkRange": 3
  },
  {
    "name": "Revenant imp",
    "id": 7881,
    "x": 3211,
    "y": 10196,
    "z": 0,
    "direction": "S",
    "walkRange": 3
  },
  {
    "name": "Revenant pyrefiend",
    "id": 7932,
    "x": 3252,
    "y": 10142,
    "z": 0,
    "direction": "S",
    "walkRange": 3
  },
  {
    "name": "Revenant demon",
    "id": 7936,
    "x": 3183,
    "y": 10195,
    "z": 0,
    "direction": "S",
    "walkRange": 3
  },
  {
    "name": "Revenant demon",
    "id": 7936,
    "x": 3161,
    "y": 10115,
    "z": 0,
    "direction": "S",
    "walkRange": 3
  },
  {
    "name": "Revenant knight",
    "id": 7939,
    "x": 3211,
    "y": 10218,
    "z": 0,
    "direction": "S",
    "walkRange": 3
  },
  {
    "name": "Revenant pyrefiend",
    "id": 7932,
    "x": 3173,
    "y": 10154,
    "z": 0,
    "direction": "S",
    "walkRange": 3
  },
  {
    "name": "Revenant cyclops",
    "id": 7934,
    "x": 3169,
    "y": 10192,
    "z": 0,
    "direction": "S",
    "walkRange": 3
  },
  {
    "name": "Revenant ork",
    "id": 7937,
    "x": 3213,
    "y": 10097,
    "z": 0,
    "direction": "S",
    "walkRange": 3
  },
  {
    "name": "Revenant ork",
    "id": 7937,
    "x": 3223,
    "y": 10132,
    "z": 0,
    "direction": "S",
    "walkRange": 3
  },
  {
    "name": "Revenant dark beast",
    "id": 7938,
    "x": 3205,
    "y": 10165,
    "z": 0,
    "direction": "S",
    "walkRange": 3
  },
  {
    "name": "Revenant hellhound",
    "id": 7935,
    "x": 3245,
    "y": 10173,
    "z": 0,
    "direction": "S",
    "walkRange": 3
  }
]